"detail_id","detail_code","item_code","item_name","category","department","room_id","room","status","academic_year","ongoing_rentals"
"1","0001-000001","0001","white ceiling fan","electronic","Faculty of Information Science(FIS)","2","201","In Use","2025-2026",""
"2","0001-000002","0001","white ceiling fan","electronic","Store","1","Storage","Damaged","2025-2026",""
"3","0001-000003","0001","white ceiling fan","electronic","Department of Natural Science(NS)","7","205","Available","2025-2026",""
"4","0001-000004","0001","white ceiling fan","electronic","Faculty of Information Science(FIS)","2","201","Available","2025-2026",""
"2074","0001-000105","0001","white ceiling fan","electronic","Faculty of Computer Science(FCS)","3","202","Available","2015-2016",""
"2075","0001-000106","0001","white ceiling fan","electronic","Faculty of Computer Science(FCS)","3","202","Available","2015-2016",""
"2076","0001-000107","0001","white ceiling fan","electronic","Faculty of Computing(FC)","4","301","Available","2015-2016",""
"2077","0001-000108","0001","white ceiling fan","electronic","Faculty of Computing(FC)","4","301","Available","2015-2016",""
"2078","0001-000109","0001","white ceiling fan","electronic","Faculty of Computer Systems and Technology(FCST)","5","302","Available","2015-2016",""
"2094","0001-000125","0001","white ceiling fan","electronic","Faculty of Computer Systems and Technology(FCST)","5","302","Available","2016-2017",""
"2095","0001-000126","0001","white ceiling fan","electronic","Department of English","6","203","Available","2016-2017",""
"2096","0001-000127","0001","white ceiling fan","electronic","Information Technology Supporting and Maintainance(ITSM)","8","102","Available","2016-2017",""
"2097","0001-000128","0001","white ceiling fan","electronic","Library","9","303","Available","2016-2017",""
"2098","0001-000129","0001","white ceiling fan","electronic","Library","9","303","Available","2016-2017",""
"2114","0001-000145","0001","white ceiling fan","electronic","Department of Student Affair","10","300","Available","2017-2018",""
"2115","0001-000146","0001","white ceiling fan","electronic","Clinic","11","304","Available","2017-2018",""
"2116","0001-000147","0001","white ceiling fan","electronic","Classroom","13","211","Available","2017-2018",""
"2117","0001-000148","0001","white ceiling fan","electronic","Classroom","13","211","Available","2017-2018",""
"2118","0001-000149","0001","white ceiling fan","electronic","Classroom","14","204","Available","2017-2018",""
"2134","0001-000165","0001","white ceiling fan","electronic","Classroom","14","204","Available","2018-2019",""
"2135","0001-000166","0001","white ceiling fan","electronic","Store","1","Storage","Available","2018-2019",""
"2136","0001-000167","0001","white ceiling fan","electronic","Store","1","Storage","Available","2018-2019",""
"2137","0001-000168","0001","white ceiling fan","electronic","Store","1","Storage","Available","2018-2019",""
"2138","0001-000169","0001","white ceiling fan","electronic","Store","1","Storage","Available","2018-2019",""
"2154","0001-000185","0001","white ceiling fan","electronic","Store","1","Storage","Available","2019-2020",""
"2155","0001-000186","0001","white ceiling fan","electronic","Store","1","Storage","Available","2019-2020",""
"2156","0001-000187","0001","white ceiling fan","electronic","Store","1","Storage","Available","2019-2020",""
"2157","0001-000188","0001","white ceiling fan","electronic","Store","1","Storage","Available","2019-2020",""
"2158","0001-000189","0001","white ceiling fan","electronic","Store","1","Storage","Available","2019-2020",""
"2174","0001-000205","0001","white ceiling fan","electronic","Store","1","Storage","Available","2020-2021",""
"2175","0001-000206","0001","white ceiling fan","electronic","Store","1","Storage","Available","2020-2021",""
"2176","0001-000207","0001","white ceiling fan","electronic","Store","1","Storage","Available","2020-2021",""
"2177","0001-000208","0001","white ceiling fan","electronic","Store","1","Storage","Available","2020-2021",""
"2178","0001-000209","0001","white ceiling fan","electronic","Store","1","Storage","Available","2020-2021",""
"2194","0001-000225","0001","white ceiling fan","electronic","Store","1","Storage","Available","2021-2022",""
"2195","0001-000226","0001","white ceiling fan","electronic","Store","1","Storage","Available","2021-2022",""
"2196","0001-000227","0001","white ceiling fan","electronic","Store","1","Storage","Available","2021-2022",""
"2197","0001-000228","0001","white ceiling fan","electronic","Store","1","Storage","Available","2021-2022",""
"2198","0001-000229","0001","white ceiling fan","electronic","Store","1","Storage","Available","2021-2022",""
"2214","0001-000245","0001","white ceiling fan","electronic","Store","1","Storage","Available","2022-2023",""
"2215","0001-000246","0001","white ceiling fan","electronic","Store","1","Storage","Available","2022-2023",""
"2216","0001-000247","0001","white ceiling fan","electronic","Store","1","Storage","Available","2022-2023",""
"2217","0001-000248","0001","white ceiling fan","electronic","Store","1","Storage","Available","2022-2023",""
"2218","0001-000249","0001","white ceiling fan","electronic","Store","1","Storage","Available","2022-2023",""
"2234","0001-000265","0001","white ceiling fan","electronic","Store","1","Storage","Available","2023-2024",""
"2235","0001-000266","0001","white ceiling fan","electronic","Store","1","Storage","Available","2023-2024",""
"2236","0001-000267","0001","white ceiling fan","electronic","Store","1","Storage","Available","2023-2024",""
"2237","0001-000268","0001","white ceiling fan","electronic","Store","1","Storage","Available","2023-2024",""
"2238","0001-000269","0001","white ceiling fan","electronic","Store","1","Storage","Available","2023-2024",""
"2254","0001-000285","0001","white ceiling fan","electronic","Store","1","Storage","Available","2024-2025",""
"2255","0001-000286","0001","white ceiling fan","electronic","Store","1","Storage","Available","2024-2025",""
"2256","0001-000287","0001","white ceiling fan","electronic","Store","1","Storage","Available","2024-2025",""
"2257","0001-000288","0001","white ceiling fan","electronic","Store","1","Storage","Available","2024-2025",""
"2258","0001-000289","0001","white ceiling fan","electronic","Store","1","Storage","Available","2024-2025",""
"2274","0001-000305","0001","white ceiling fan","electronic","Store","1","Storage","Available","2025-2026",""
"2275","0001-000306","0001","white ceiling fan","electronic","Store","1","Storage","Available","2025-2026",""
"2276","0001-000307","0001","white ceiling fan","electronic","Store","1","Storage","Available","2025-2026",""
"2277","0001-000308","0001","white ceiling fan","electronic","Store","1","Storage","Available","2025-2026",""
"2278","0001-000309","0001","white ceiling fan","electronic","Store","1","Storage","Available","2025-2026",""
"2294","0001-000325","0001","white ceiling fan","electronic","Store","1","Storage","Available","2026-2027",""
"2295","0001-000326","0001","white ceiling fan","electronic","Store","1","Storage","Available","2026-2027",""
"2296","0001-000327","0001","white ceiling fan","electronic","Store","1","Storage","Available","2026-2027",""
"2297","0001-000328","0001","white ceiling fan","electronic","Store","1","Storage","Available","2026-2027",""
"2298","0001-000329","0001","white ceiling fan","electronic","Store","1","Storage","Available","2026-2027",""
"5","0002-000001","0002","Standing Air Conditioner","electronic","Store","1","Storage","Available","2025-2026",""
"6","0002-000002","0002","Standing Air Conditioner","electronic","Store","1","Storage","Damaged","2025-2026",""
"7","0002-000003","0002","Standing Air Conditioner","electronic","Store","1","Storage","Available","2025-2026",""
"8","0002-000004","0002","Standing Air Conditioner","electronic","Store","1","Storage","In Use","2025-2026",""
"9","0002-000005","0002","Standing Air Conditioner","electronic","Store","1","Storage","Available","2025-2026",""
"10","0002-000006","0002","Standing Air Conditioner","electronic","Store","1","Storage","Available","2025-2026",""
"11","0002-000007","0002","Standing Air Conditioner","electronic","Store","1","Storage","Available","2025-2026",""
"12","0002-000008","0002","Standing Air Conditioner","electronic","Store","1","Storage","Available","2025-2026",""
"13","0002-000009","0002","Standing Air Conditioner","electronic","Store","1","Storage","Available","2025-2026",""
"14","0002-000010","0002","Standing Air Conditioner","electronic","Store","1","Storage","Available","2025-2026",""
"2314","0002-000111","0002","Standing Air Conditioner","electronic","Store","1","Storage","Available","2015-2016",""
"2315","0002-000112","0002","Standing Air Conditioner","electronic","Store","1","Storage","Available","2015-2016",""
"2316","0002-000113","0002","Standing Air Conditioner","electronic","Store","1","Storage","Available","2015-2016",""
"2317","0002-000114","0002","Standing Air Conditioner","electronic","Store","1","Storage","Available","2015-2016",""
"2318","0002-000115","0002","Standing Air Conditioner","electronic","Store","1","Storage","Available","2015-2016",""
"2334","0002-000131","0002","Standing Air Conditioner","electronic","Store","1","Storage","Available","2016-2017",""
"2335","0002-000132","0002","Standing Air Conditioner","electronic","Store","1","Storage","Available","2016-2017",""
"2336","0002-000133","0002","Standing Air Conditioner","electronic","Store","1","Storage","Available","2016-2017",""
"2337","0002-000134","0002","Standing Air Conditioner","electronic","Store","1","Storage","Available","2016-2017",""
"2338","0002-000135","0002","Standing Air Conditioner","electronic","Store","1","Storage","Available","2016-2017",""
"2354","0002-000151","0002","Standing Air Conditioner","electronic","Store","1","Storage","Available","2017-2018",""
"2355","0002-000152","0002","Standing Air Conditioner","electronic","Store","1","Storage","Available","2017-2018",""
"2356","0002-000153","0002","Standing Air Conditioner","electronic","Store","1","Storage","Available","2017-2018",""
"2357","0002-000154","0002","Standing Air Conditioner","electronic","Store","1","Storage","Available","2017-2018",""
"2358","0002-000155","0002","Standing Air Conditioner","electronic","Store","1","Storage","Available","2017-2018",""
"2374","0002-000171","0002","Standing Air Conditioner","electronic","Store","1","Storage","Available","2018-2019",""
"2375","0002-000172","0002","Standing Air Conditioner","electronic","Store","1","Storage","Available","2018-2019",""
"2376","0002-000173","0002","Standing Air Conditioner","electronic","Store","1","Storage","Available","2018-2019",""
"2377","0002-000174","0002","Standing Air Conditioner","electronic","Store","1","Storage","Available","2018-2019",""
"2378","0002-000175","0002","Standing Air Conditioner","electronic","Store","1","Storage","Available","2018-2019",""
"2394","0002-000191","0002","Standing Air Conditioner","electronic","Store","1","Storage","Available","2019-2020",""
"2395","0002-000192","0002","Standing Air Conditioner","electronic","Store","1","Storage","Available","2019-2020",""
"2396","0002-000193","0002","Standing Air Conditioner","electronic","Store","1","Storage","Available","2019-2020",""
"2397","0002-000194","0002","Standing Air Conditioner","electronic","Store","1","Storage","Available","2019-2020",""
"2398","0002-000195","0002","Standing Air Conditioner","electronic","Store","1","Storage","Available","2019-2020",""
"2414","0002-000211","0002","Standing Air Conditioner","electronic","Store","1","Storage","Available","2020-2021",""
"2415","0002-000212","0002","Standing Air Conditioner","electronic","Store","1","Storage","Available","2020-2021",""
"2416","0002-000213","0002","Standing Air Conditioner","electronic","Store","1","Storage","Available","2020-2021",""
"2417","0002-000214","0002","Standing Air Conditioner","electronic","Store","1","Storage","Available","2020-2021",""
"2418","0002-000215","0002","Standing Air Conditioner","electronic","Store","1","Storage","Available","2020-2021",""
"2434","0002-000231","0002","Standing Air Conditioner","electronic","Store","1","Storage","Available","2021-2022",""
"2435","0002-000232","0002","Standing Air Conditioner","electronic","Store","1","Storage","Available","2021-2022",""
"2436","0002-000233","0002","Standing Air Conditioner","electronic","Store","1","Storage","Available","2021-2022",""
"2437","0002-000234","0002","Standing Air Conditioner","electronic","Store","1","Storage","Available","2021-2022",""
"2438","0002-000235","0002","Standing Air Conditioner","electronic","Store","1","Storage","Available","2021-2022",""
"2454","0002-000251","0002","Standing Air Conditioner","electronic","Store","1","Storage","Available","2022-2023",""
"2455","0002-000252","0002","Standing Air Conditioner","electronic","Store","1","Storage","Available","2022-2023",""
"2456","0002-000253","0002","Standing Air Conditioner","electronic","Store","1","Storage","Available","2022-2023",""
"2457","0002-000254","0002","Standing Air Conditioner","electronic","Store","1","Storage","Available","2022-2023",""
"2458","0002-000255","0002","Standing Air Conditioner","electronic","Store","1","Storage","Available","2022-2023",""
"2474","0002-000271","0002","Standing Air Conditioner","electronic","Store","1","Storage","Available","2023-2024",""
"2475","0002-000272","0002","Standing Air Conditioner","electronic","Store","1","Storage","Available","2023-2024",""
"2476","0002-000273","0002","Standing Air Conditioner","electronic","Store","1","Storage","Available","2023-2024",""
"2477","0002-000274","0002","Standing Air Conditioner","electronic","Store","1","Storage","Available","2023-2024",""
"2478","0002-000275","0002","Standing Air Conditioner","electronic","Store","1","Storage","Available","2023-2024",""
"2494","0002-000291","0002","Standing Air Conditioner","electronic","Store","1","Storage","Available","2024-2025",""
"2495","0002-000292","0002","Standing Air Conditioner","electronic","Store","1","Storage","Available","2024-2025",""
"2496","0002-000293","0002","Standing Air Conditioner","electronic","Store","1","Storage","Available","2024-2025",""
"2497","0002-000294","0002","Standing Air Conditioner","electronic","Store","1","Storage","Available","2024-2025",""
"2498","0002-000295","0002","Standing Air Conditioner","electronic","Store","1","Storage","Available","2024-2025",""
"2514","0002-000311","0002","Standing Air Conditioner","electronic","Store","1","Storage","Available","2025-2026",""
"2515","0002-000312","0002","Standing Air Conditioner","electronic","Store","1","Storage","Available","2025-2026",""
"2516","0002-000313","0002","Standing Air Conditioner","electronic","Store","1","Storage","Available","2025-2026",""
"2517","0002-000314","0002","Standing Air Conditioner","electronic","Store","1","Storage","Available","2025-2026",""
"2518","0002-000315","0002","Standing Air Conditioner","electronic","Store","1","Storage","Available","2025-2026",""
"2534","0002-000331","0002","Standing Air Conditioner","electronic","Store","1","Storage","Available","2026-2027",""
"2535","0002-000332","0002","Standing Air Conditioner","electronic","Store","1","Storage","Available","2026-2027",""
"2536","0002-000333","0002","Standing Air Conditioner","electronic","Store","1","Storage","Available","2026-2027",""
"2537","0002-000334","0002","Standing Air Conditioner","electronic","Store","1","Storage","Available","2026-2027",""
"2538","0002-000335","0002","Standing Air Conditioner","electronic","Store","1","Storage","Available","2026-2027",""
"15","0003-000001","0003","Dry Waste Bin","Cleaning and Sanitation","Store","1","Storage","Damaged","2025-2026",""
"16","0003-000002","0003","Dry Waste Bin","Cleaning and Sanitation","Clinic","11","304","In Use","2025-2026",""
"17","0003-000003","0003","Dry Waste Bin","Cleaning and Sanitation","Clinic","11","304","In Use","2025-2026",""
"18","0003-000004","0003","Dry Waste Bin","Cleaning and Sanitation","Store","1","Storage","Damaged","2025-2026",""
"19","0003-000005","0003","Dry Waste Bin","Cleaning and Sanitation","Faculty of Computer Science(FCS)","3","202","Available","2025-2026",""
"20","0003-000006","0003","Dry Waste Bin","Cleaning and Sanitation","Faculty of Computing(FC)","4","301","Available","2025-2026",""
"21","0003-000007","0003","Dry Waste Bin","Cleaning and Sanitation","Data Center","12","100","Available","2025-2026",""
"22","0003-000008","0003","Dry Waste Bin","Cleaning and Sanitation","Faculty of Computer Systems and Technology(FCST)","5","302","Available","2025-2026",""
"23","0003-000009","0003","Dry Waste Bin","Cleaning and Sanitation","Department of Natural Science(NS)","7","205","Available","2025-2026",""
"24","0003-000010","0003","Dry Waste Bin","Cleaning and Sanitation","Faculty of Information Science(FIS)","2","201","Available","2025-2026",""
"25","0003-000011","0003","Dry Waste Bin","Cleaning and Sanitation","Library","9","303","Available","2025-2026",""
"26","0003-000012","0003","Dry Waste Bin","Cleaning and Sanitation","Classroom","14","204","Available","2025-2026",""
"27","0003-000013","0003","Dry Waste Bin","Cleaning and Sanitation","Library","9","303","Available","2025-2026",""
"28","0003-000014","0003","Dry Waste Bin","Cleaning and Sanitation","Department of English","6","203","Available","2025-2026",""
"29","0003-000015","0003","Dry Waste Bin","Cleaning and Sanitation","Information Technology Supporting and Maintainance(ITSM)","8","102","Available","2025-2026",""
"2554","0003-000116","0003","Dry Waste Bin","Cleaning and Sanitation","Department of Student Affair","10","300","Available","2015-2016",""
"2555","0003-000117","0003","Dry Waste Bin","Cleaning and Sanitation","Classroom","13","211","Available","2015-2016",""
"2556","0003-000118","0003","Dry Waste Bin","Cleaning and Sanitation","Store","1","Storage","Available","2015-2016",""
"2557","0003-000119","0003","Dry Waste Bin","Cleaning and Sanitation","Store","1","Storage","Available","2015-2016",""
"2558","0003-000120","0003","Dry Waste Bin","Cleaning and Sanitation","Store","1","Storage","Available","2015-2016",""
"2574","0003-000136","0003","Dry Waste Bin","Cleaning and Sanitation","Store","1","Storage","Available","2016-2017",""
"2575","0003-000137","0003","Dry Waste Bin","Cleaning and Sanitation","Store","1","Storage","Available","2016-2017",""
"2576","0003-000138","0003","Dry Waste Bin","Cleaning and Sanitation","Store","1","Storage","Available","2016-2017",""
"2577","0003-000139","0003","Dry Waste Bin","Cleaning and Sanitation","Store","1","Storage","Available","2016-2017",""
"2578","0003-000140","0003","Dry Waste Bin","Cleaning and Sanitation","Store","1","Storage","Available","2016-2017",""
"2594","0003-000156","0003","Dry Waste Bin","Cleaning and Sanitation","Store","1","Storage","Available","2017-2018",""
"2595","0003-000157","0003","Dry Waste Bin","Cleaning and Sanitation","Store","1","Storage","Available","2017-2018",""
"2596","0003-000158","0003","Dry Waste Bin","Cleaning and Sanitation","Store","1","Storage","Available","2017-2018",""
"2597","0003-000159","0003","Dry Waste Bin","Cleaning and Sanitation","Store","1","Storage","Available","2017-2018",""
"2598","0003-000160","0003","Dry Waste Bin","Cleaning and Sanitation","Store","1","Storage","Available","2017-2018",""
"2614","0003-000176","0003","Dry Waste Bin","Cleaning and Sanitation","Store","1","Storage","Available","2018-2019",""
"2615","0003-000177","0003","Dry Waste Bin","Cleaning and Sanitation","Store","1","Storage","Available","2018-2019",""
"2616","0003-000178","0003","Dry Waste Bin","Cleaning and Sanitation","Store","1","Storage","Available","2018-2019",""
"2617","0003-000179","0003","Dry Waste Bin","Cleaning and Sanitation","Store","1","Storage","Available","2018-2019",""
"2618","0003-000180","0003","Dry Waste Bin","Cleaning and Sanitation","Store","1","Storage","Available","2018-2019",""
"2634","0003-000196","0003","Dry Waste Bin","Cleaning and Sanitation","Store","1","Storage","Available","2019-2020",""
"2635","0003-000197","0003","Dry Waste Bin","Cleaning and Sanitation","Store","1","Storage","Available","2019-2020",""
"2636","0003-000198","0003","Dry Waste Bin","Cleaning and Sanitation","Store","1","Storage","Available","2019-2020",""
"2637","0003-000199","0003","Dry Waste Bin","Cleaning and Sanitation","Store","1","Storage","Available","2019-2020",""
"2638","0003-000200","0003","Dry Waste Bin","Cleaning and Sanitation","Store","1","Storage","Available","2019-2020",""
"2654","0003-000216","0003","Dry Waste Bin","Cleaning and Sanitation","Store","1","Storage","Available","2020-2021",""
"2655","0003-000217","0003","Dry Waste Bin","Cleaning and Sanitation","Store","1","Storage","Available","2020-2021",""
"2656","0003-000218","0003","Dry Waste Bin","Cleaning and Sanitation","Store","1","Storage","Available","2020-2021",""
"2657","0003-000219","0003","Dry Waste Bin","Cleaning and Sanitation","Store","1","Storage","Available","2020-2021",""
"2658","0003-000220","0003","Dry Waste Bin","Cleaning and Sanitation","Store","1","Storage","Available","2020-2021",""
"2674","0003-000236","0003","Dry Waste Bin","Cleaning and Sanitation","Store","1","Storage","Available","2021-2022",""
"2675","0003-000237","0003","Dry Waste Bin","Cleaning and Sanitation","Store","1","Storage","Available","2021-2022",""
"2676","0003-000238","0003","Dry Waste Bin","Cleaning and Sanitation","Store","1","Storage","Available","2021-2022",""
"2677","0003-000239","0003","Dry Waste Bin","Cleaning and Sanitation","Store","1","Storage","Available","2021-2022",""
"2678","0003-000240","0003","Dry Waste Bin","Cleaning and Sanitation","Store","1","Storage","Available","2021-2022",""
"2694","0003-000256","0003","Dry Waste Bin","Cleaning and Sanitation","Store","1","Storage","Available","2022-2023",""
"2695","0003-000257","0003","Dry Waste Bin","Cleaning and Sanitation","Store","1","Storage","Available","2022-2023",""
"2696","0003-000258","0003","Dry Waste Bin","Cleaning and Sanitation","Store","1","Storage","Available","2022-2023",""
"2697","0003-000259","0003","Dry Waste Bin","Cleaning and Sanitation","Store","1","Storage","Available","2022-2023",""
"2698","0003-000260","0003","Dry Waste Bin","Cleaning and Sanitation","Store","1","Storage","Available","2022-2023",""
"2714","0003-000276","0003","Dry Waste Bin","Cleaning and Sanitation","Store","1","Storage","Available","2023-2024",""
"2715","0003-000277","0003","Dry Waste Bin","Cleaning and Sanitation","Store","1","Storage","Available","2023-2024",""
"2716","0003-000278","0003","Dry Waste Bin","Cleaning and Sanitation","Store","1","Storage","Available","2023-2024",""
"2717","0003-000279","0003","Dry Waste Bin","Cleaning and Sanitation","Store","1","Storage","Available","2023-2024",""
"2718","0003-000280","0003","Dry Waste Bin","Cleaning and Sanitation","Store","1","Storage","Available","2023-2024",""
"2734","0003-000296","0003","Dry Waste Bin","Cleaning and Sanitation","Store","1","Storage","Available","2024-2025",""
"2735","0003-000297","0003","Dry Waste Bin","Cleaning and Sanitation","Store","1","Storage","Available","2024-2025",""
"2736","0003-000298","0003","Dry Waste Bin","Cleaning and Sanitation","Store","1","Storage","Available","2024-2025",""
"2737","0003-000299","0003","Dry Waste Bin","Cleaning and Sanitation","Store","1","Storage","Available","2024-2025",""
"2738","0003-000300","0003","Dry Waste Bin","Cleaning and Sanitation","Store","1","Storage","Available","2024-2025",""
"2754","0003-000316","0003","Dry Waste Bin","Cleaning and Sanitation","Store","1","Storage","Available","2025-2026",""
"2755","0003-000317","0003","Dry Waste Bin","Cleaning and Sanitation","Store","1","Storage","Available","2025-2026",""
"2756","0003-000318","0003","Dry Waste Bin","Cleaning and Sanitation","Store","1","Storage","Available","2025-2026",""
"2757","0003-000319","0003","Dry Waste Bin","Cleaning and Sanitation","Store","1","Storage","Available","2025-2026",""
"2758","0003-000320","0003","Dry Waste Bin","Cleaning and Sanitation","Store","1","Storage","Available","2025-2026",""
"2774","0003-000336","0003","Dry Waste Bin","Cleaning and Sanitation","Store","1","Storage","Available","2026-2027",""
"2775","0003-000337","0003","Dry Waste Bin","Cleaning and Sanitation","Store","1","Storage","Available","2026-2027",""
"2776","0003-000338","0003","Dry Waste Bin","Cleaning and Sanitation","Store","1","Storage","Available","2026-2027",""
"2777","0003-000339","0003","Dry Waste Bin","Cleaning and Sanitation","Store","1","Storage","Available","2026-2027",""
"2778","0003-000340","0003","Dry Waste Bin","Cleaning and Sanitation","Store","1","Storage","Available","2026-2027",""
"30","0004-000001","0004","Hazardous Waste Bin","Cleaning and Sanitation","Department of Natural Science(NS)","7","205","Available","2025-2026",""
"31","0004-000002","0004","Hazardous Waste Bin","Cleaning and Sanitation","Clinic","11","304","Available","2025-2026",""
"32","0004-000003","0004","Hazardous Waste Bin","Cleaning and Sanitation","Clinic","11","304","Available","2025-2026",""
"33","0004-000004","0004","Hazardous Waste Bin","Cleaning and Sanitation","Store","1","Storage","Available","2025-2026",""
"34","0004-000005","0004","Hazardous Waste Bin","Cleaning and Sanitation","Store","1","Storage","Available","2025-2026",""
"35","0004-000006","0004","Hazardous Waste Bin","Cleaning and Sanitation","Information Technology Supporting and Maintainance(ITSM)","8","102","Available","2025-2026",""
"36","0004-000007","0004","Hazardous Waste Bin","Cleaning and Sanitation","Store","1","Storage","Available","2025-2026",""
"37","0004-000008","0004","Hazardous Waste Bin","Cleaning and Sanitation","Store","1","Storage","Available","2025-2026",""
"38","0004-000009","0004","Hazardous Waste Bin","Cleaning and Sanitation","Store","1","Storage","Available","2025-2026",""
"39","0004-000010","0004","Hazardous Waste Bin","Cleaning and Sanitation","Store","1","Storage","Available","2025-2026",""
"2794","0004-000111","0004","Hazardous Waste Bin","Cleaning and Sanitation","Store","1","Storage","Available","2015-2016",""
"2795","0004-000112","0004","Hazardous Waste Bin","Cleaning and Sanitation","Store","1","Storage","Available","2015-2016",""
"2796","0004-000113","0004","Hazardous Waste Bin","Cleaning and Sanitation","Store","1","Storage","Available","2015-2016",""
"2797","0004-000114","0004","Hazardous Waste Bin","Cleaning and Sanitation","Store","1","Storage","Available","2015-2016",""
"2798","0004-000115","0004","Hazardous Waste Bin","Cleaning and Sanitation","Store","1","Storage","Available","2015-2016",""
"2814","0004-000131","0004","Hazardous Waste Bin","Cleaning and Sanitation","Store","1","Storage","Available","2016-2017",""
"2815","0004-000132","0004","Hazardous Waste Bin","Cleaning and Sanitation","Store","1","Storage","Available","2016-2017",""
"2816","0004-000133","0004","Hazardous Waste Bin","Cleaning and Sanitation","Store","1","Storage","Available","2016-2017",""
"2817","0004-000134","0004","Hazardous Waste Bin","Cleaning and Sanitation","Store","1","Storage","Available","2016-2017",""
"2818","0004-000135","0004","Hazardous Waste Bin","Cleaning and Sanitation","Store","1","Storage","Available","2016-2017",""
"2834","0004-000151","0004","Hazardous Waste Bin","Cleaning and Sanitation","Store","1","Storage","Available","2017-2018",""
"2835","0004-000152","0004","Hazardous Waste Bin","Cleaning and Sanitation","Store","1","Storage","Available","2017-2018",""
"2836","0004-000153","0004","Hazardous Waste Bin","Cleaning and Sanitation","Store","1","Storage","Available","2017-2018",""
"2837","0004-000154","0004","Hazardous Waste Bin","Cleaning and Sanitation","Store","1","Storage","Available","2017-2018",""
"2838","0004-000155","0004","Hazardous Waste Bin","Cleaning and Sanitation","Store","1","Storage","Available","2017-2018",""
"2854","0004-000171","0004","Hazardous Waste Bin","Cleaning and Sanitation","Store","1","Storage","Available","2018-2019",""
"2855","0004-000172","0004","Hazardous Waste Bin","Cleaning and Sanitation","Store","1","Storage","Available","2018-2019",""
"2856","0004-000173","0004","Hazardous Waste Bin","Cleaning and Sanitation","Store","1","Storage","Available","2018-2019",""
"2857","0004-000174","0004","Hazardous Waste Bin","Cleaning and Sanitation","Store","1","Storage","Available","2018-2019",""
"2858","0004-000175","0004","Hazardous Waste Bin","Cleaning and Sanitation","Store","1","Storage","Available","2018-2019",""
"2874","0004-000191","0004","Hazardous Waste Bin","Cleaning and Sanitation","Store","1","Storage","Available","2019-2020",""
"2875","0004-000192","0004","Hazardous Waste Bin","Cleaning and Sanitation","Store","1","Storage","Available","2019-2020",""
"2876","0004-000193","0004","Hazardous Waste Bin","Cleaning and Sanitation","Store","1","Storage","Available","2019-2020",""
"2877","0004-000194","0004","Hazardous Waste Bin","Cleaning and Sanitation","Store","1","Storage","Available","2019-2020",""
"2878","0004-000195","0004","Hazardous Waste Bin","Cleaning and Sanitation","Store","1","Storage","Available","2019-2020",""
"2894","0004-000211","0004","Hazardous Waste Bin","Cleaning and Sanitation","Store","1","Storage","Available","2020-2021",""
"2895","0004-000212","0004","Hazardous Waste Bin","Cleaning and Sanitation","Store","1","Storage","Available","2020-2021",""
"2896","0004-000213","0004","Hazardous Waste Bin","Cleaning and Sanitation","Store","1","Storage","Available","2020-2021",""
"2897","0004-000214","0004","Hazardous Waste Bin","Cleaning and Sanitation","Store","1","Storage","Available","2020-2021",""
"2898","0004-000215","0004","Hazardous Waste Bin","Cleaning and Sanitation","Store","1","Storage","Available","2020-2021",""
"2914","0004-000231","0004","Hazardous Waste Bin","Cleaning and Sanitation","Store","1","Storage","Available","2021-2022",""
"2915","0004-000232","0004","Hazardous Waste Bin","Cleaning and Sanitation","Store","1","Storage","Available","2021-2022",""
"2916","0004-000233","0004","Hazardous Waste Bin","Cleaning and Sanitation","Store","1","Storage","Available","2021-2022",""
"2917","0004-000234","0004","Hazardous Waste Bin","Cleaning and Sanitation","Store","1","Storage","Available","2021-2022",""
"2918","0004-000235","0004","Hazardous Waste Bin","Cleaning and Sanitation","Store","1","Storage","Available","2021-2022",""
"2934","0004-000251","0004","Hazardous Waste Bin","Cleaning and Sanitation","Store","1","Storage","Available","2022-2023",""
"2935","0004-000252","0004","Hazardous Waste Bin","Cleaning and Sanitation","Store","1","Storage","Available","2022-2023",""
"2936","0004-000253","0004","Hazardous Waste Bin","Cleaning and Sanitation","Store","1","Storage","Available","2022-2023",""
"2937","0004-000254","0004","Hazardous Waste Bin","Cleaning and Sanitation","Store","1","Storage","Available","2022-2023",""
"2938","0004-000255","0004","Hazardous Waste Bin","Cleaning and Sanitation","Store","1","Storage","Available","2022-2023",""
"2954","0004-000271","0004","Hazardous Waste Bin","Cleaning and Sanitation","Store","1","Storage","Available","2023-2024",""
"2955","0004-000272","0004","Hazardous Waste Bin","Cleaning and Sanitation","Store","1","Storage","Available","2023-2024",""
"2956","0004-000273","0004","Hazardous Waste Bin","Cleaning and Sanitation","Store","1","Storage","Available","2023-2024",""
"2957","0004-000274","0004","Hazardous Waste Bin","Cleaning and Sanitation","Store","1","Storage","Available","2023-2024",""
"2958","0004-000275","0004","Hazardous Waste Bin","Cleaning and Sanitation","Store","1","Storage","Available","2023-2024",""
"2974","0004-000291","0004","Hazardous Waste Bin","Cleaning and Sanitation","Store","1","Storage","Available","2024-2025",""
"2975","0004-000292","0004","Hazardous Waste Bin","Cleaning and Sanitation","Store","1","Storage","Available","2024-2025",""
"2976","0004-000293","0004","Hazardous Waste Bin","Cleaning and Sanitation","Store","1","Storage","Available","2024-2025",""
"2977","0004-000294","0004","Hazardous Waste Bin","Cleaning and Sanitation","Store","1","Storage","Available","2024-2025",""
"2978","0004-000295","0004","Hazardous Waste Bin","Cleaning and Sanitation","Store","1","Storage","Available","2024-2025",""
"2994","0004-000311","0004","Hazardous Waste Bin","Cleaning and Sanitation","Store","1","Storage","Available","2025-2026",""
"2995","0004-000312","0004","Hazardous Waste Bin","Cleaning and Sanitation","Store","1","Storage","Available","2025-2026",""
"2996","0004-000313","0004","Hazardous Waste Bin","Cleaning and Sanitation","Store","1","Storage","Available","2025-2026",""
"2997","0004-000314","0004","Hazardous Waste Bin","Cleaning and Sanitation","Store","1","Storage","Available","2025-2026",""
"2998","0004-000315","0004","Hazardous Waste Bin","Cleaning and Sanitation","Store","1","Storage","Available","2025-2026",""
"3014","0004-000331","0004","Hazardous Waste Bin","Cleaning and Sanitation","Store","1","Storage","Available","2026-2027",""
"3015","0004-000332","0004","Hazardous Waste Bin","Cleaning and Sanitation","Store","1","Storage","Available","2026-2027",""
"3016","0004-000333","0004","Hazardous Waste Bin","Cleaning and Sanitation","Store","1","Storage","Available","2026-2027",""
"3017","0004-000334","0004","Hazardous Waste Bin","Cleaning and Sanitation","Store","1","Storage","Available","2026-2027",""
"3018","0004-000335","0004","Hazardous Waste Bin","Cleaning and Sanitation","Store","1","Storage","Available","2026-2027",""
"40","0005-000001","0005","Plastic Waste Bin","Cleaning and Sanitation","Faculty of Information Science(FIS)","2","201","Available","2025-2026",""
"41","0005-000002","0005","Plastic Waste Bin","Cleaning and Sanitation","Faculty of Computer Science(FCS)","3","202","Available","2025-2026",""
"42","0005-000003","0005","Plastic Waste Bin","Cleaning and Sanitation","Faculty of Computing(FC)","4","301","Available","2025-2026",""
"43","0005-000004","0005","Plastic Waste Bin","Cleaning and Sanitation","Clinic","11","304","Available","2025-2026",""
"44","0005-000005","0005","Plastic Waste Bin","Cleaning and Sanitation","Faculty of Computer Systems and Technology(FCST)","5","302","Available","2025-2026",""
"45","0005-000006","0005","Plastic Waste Bin","Cleaning and Sanitation","Department of English","6","203","Available","2025-2026",""
"46","0005-000007","0005","Plastic Waste Bin","Cleaning and Sanitation","Department of Natural Science(NS)","7","205","Available","2025-2026",""
"47","0005-000008","0005","Plastic Waste Bin","Cleaning and Sanitation","Information Technology Supporting and Maintainance(ITSM)","8","102","Available","2025-2026",""
"48","0005-000009","0005","Plastic Waste Bin","Cleaning and Sanitation","Library","9","303","Available","2025-2026",""
"49","0005-000010","0005","Plastic Waste Bin","Cleaning and Sanitation","Department of Student Affair","10","300","Available","2025-2026",""
"50","0005-000011","0005","Plastic Waste Bin","Cleaning and Sanitation","Data Center","12","100","Available","2025-2026",""
"51","0005-000012","0005","Plastic Waste Bin","Cleaning and Sanitation","Classroom","13","211","Available","2025-2026",""
"52","0005-000013","0005","Plastic Waste Bin","Cleaning and Sanitation","Classroom","14","204","Available","2025-2026",""
"53","0005-000014","0005","Plastic Waste Bin","Cleaning and Sanitation","Store","1","Storage","Available","2025-2026",""
"54","0005-000015","0005","Plastic Waste Bin","Cleaning and Sanitation","Store","1","Storage","Available","2025-2026",""
"55","0005-000016","0005","Plastic Waste Bin","Cleaning and Sanitation","Store","1","Storage","Available","2025-2026",""
"3034","0005-000117","0005","Plastic Waste Bin","Cleaning and Sanitation","Store","1","Storage","Available","2015-2016",""
"3035","0005-000118","0005","Plastic Waste Bin","Cleaning and Sanitation","Store","1","Storage","Available","2015-2016",""
"3036","0005-000119","0005","Plastic Waste Bin","Cleaning and Sanitation","Store","1","Storage","Available","2015-2016",""
"3037","0005-000120","0005","Plastic Waste Bin","Cleaning and Sanitation","Store","1","Storage","Available","2015-2016",""
"3038","0005-000121","0005","Plastic Waste Bin","Cleaning and Sanitation","Store","1","Storage","Available","2015-2016",""
"3054","0005-000137","0005","Plastic Waste Bin","Cleaning and Sanitation","Store","1","Storage","Available","2016-2017",""
"3055","0005-000138","0005","Plastic Waste Bin","Cleaning and Sanitation","Store","1","Storage","Available","2016-2017",""
"3056","0005-000139","0005","Plastic Waste Bin","Cleaning and Sanitation","Store","1","Storage","Available","2016-2017",""
"3057","0005-000140","0005","Plastic Waste Bin","Cleaning and Sanitation","Store","1","Storage","Available","2016-2017",""
"3058","0005-000141","0005","Plastic Waste Bin","Cleaning and Sanitation","Store","1","Storage","Available","2016-2017",""
"3074","0005-000157","0005","Plastic Waste Bin","Cleaning and Sanitation","Store","1","Storage","Available","2017-2018",""
"3075","0005-000158","0005","Plastic Waste Bin","Cleaning and Sanitation","Store","1","Storage","Available","2017-2018",""
"3076","0005-000159","0005","Plastic Waste Bin","Cleaning and Sanitation","Store","1","Storage","Available","2017-2018",""
"3077","0005-000160","0005","Plastic Waste Bin","Cleaning and Sanitation","Store","1","Storage","Available","2017-2018",""
"3078","0005-000161","0005","Plastic Waste Bin","Cleaning and Sanitation","Store","1","Storage","Available","2017-2018",""
"3094","0005-000177","0005","Plastic Waste Bin","Cleaning and Sanitation","Store","1","Storage","Available","2018-2019",""
"3095","0005-000178","0005","Plastic Waste Bin","Cleaning and Sanitation","Store","1","Storage","Available","2018-2019",""
"3096","0005-000179","0005","Plastic Waste Bin","Cleaning and Sanitation","Store","1","Storage","Available","2018-2019",""
"3097","0005-000180","0005","Plastic Waste Bin","Cleaning and Sanitation","Store","1","Storage","Available","2018-2019",""
"3098","0005-000181","0005","Plastic Waste Bin","Cleaning and Sanitation","Store","1","Storage","Available","2018-2019",""
"3114","0005-000197","0005","Plastic Waste Bin","Cleaning and Sanitation","Store","1","Storage","Available","2019-2020",""
"3115","0005-000198","0005","Plastic Waste Bin","Cleaning and Sanitation","Store","1","Storage","Available","2019-2020",""
"3116","0005-000199","0005","Plastic Waste Bin","Cleaning and Sanitation","Store","1","Storage","Available","2019-2020",""
"3117","0005-000200","0005","Plastic Waste Bin","Cleaning and Sanitation","Store","1","Storage","Available","2019-2020",""
"3118","0005-000201","0005","Plastic Waste Bin","Cleaning and Sanitation","Store","1","Storage","Available","2019-2020",""
"3134","0005-000217","0005","Plastic Waste Bin","Cleaning and Sanitation","Store","1","Storage","Available","2020-2021",""
"3135","0005-000218","0005","Plastic Waste Bin","Cleaning and Sanitation","Store","1","Storage","Available","2020-2021",""
"3136","0005-000219","0005","Plastic Waste Bin","Cleaning and Sanitation","Store","1","Storage","Available","2020-2021",""
"3137","0005-000220","0005","Plastic Waste Bin","Cleaning and Sanitation","Store","1","Storage","Available","2020-2021",""
"3138","0005-000221","0005","Plastic Waste Bin","Cleaning and Sanitation","Store","1","Storage","Available","2020-2021",""
"3154","0005-000237","0005","Plastic Waste Bin","Cleaning and Sanitation","Store","1","Storage","Available","2021-2022",""
"3155","0005-000238","0005","Plastic Waste Bin","Cleaning and Sanitation","Store","1","Storage","Available","2021-2022",""
"3156","0005-000239","0005","Plastic Waste Bin","Cleaning and Sanitation","Store","1","Storage","Available","2021-2022",""
"3157","0005-000240","0005","Plastic Waste Bin","Cleaning and Sanitation","Store","1","Storage","Available","2021-2022",""
"3158","0005-000241","0005","Plastic Waste Bin","Cleaning and Sanitation","Store","1","Storage","Available","2021-2022",""
"3174","0005-000257","0005","Plastic Waste Bin","Cleaning and Sanitation","Store","1","Storage","Available","2022-2023",""
"3175","0005-000258","0005","Plastic Waste Bin","Cleaning and Sanitation","Store","1","Storage","Available","2022-2023",""
"3176","0005-000259","0005","Plastic Waste Bin","Cleaning and Sanitation","Store","1","Storage","Available","2022-2023",""
"3177","0005-000260","0005","Plastic Waste Bin","Cleaning and Sanitation","Store","1","Storage","Available","2022-2023",""
"3178","0005-000261","0005","Plastic Waste Bin","Cleaning and Sanitation","Store","1","Storage","Available","2022-2023",""
"3194","0005-000277","0005","Plastic Waste Bin","Cleaning and Sanitation","Store","1","Storage","Available","2023-2024",""
"3195","0005-000278","0005","Plastic Waste Bin","Cleaning and Sanitation","Store","1","Storage","Available","2023-2024",""
"3196","0005-000279","0005","Plastic Waste Bin","Cleaning and Sanitation","Store","1","Storage","Available","2023-2024",""
"3197","0005-000280","0005","Plastic Waste Bin","Cleaning and Sanitation","Store","1","Storage","Available","2023-2024",""
"3198","0005-000281","0005","Plastic Waste Bin","Cleaning and Sanitation","Store","1","Storage","Available","2023-2024",""
"3214","0005-000297","0005","Plastic Waste Bin","Cleaning and Sanitation","Store","1","Storage","Available","2024-2025",""
"3215","0005-000298","0005","Plastic Waste Bin","Cleaning and Sanitation","Store","1","Storage","Available","2024-2025",""
"3216","0005-000299","0005","Plastic Waste Bin","Cleaning and Sanitation","Store","1","Storage","Available","2024-2025",""
"3217","0005-000300","0005","Plastic Waste Bin","Cleaning and Sanitation","Store","1","Storage","Available","2024-2025",""
"3218","0005-000301","0005","Plastic Waste Bin","Cleaning and Sanitation","Store","1","Storage","Available","2024-2025",""
"3234","0005-000317","0005","Plastic Waste Bin","Cleaning and Sanitation","Store","1","Storage","Available","2025-2026",""
"3235","0005-000318","0005","Plastic Waste Bin","Cleaning and Sanitation","Store","1","Storage","Available","2025-2026",""
"3236","0005-000319","0005","Plastic Waste Bin","Cleaning and Sanitation","Store","1","Storage","Available","2025-2026",""
"3237","0005-000320","0005","Plastic Waste Bin","Cleaning and Sanitation","Store","1","Storage","Available","2025-2026",""
"3238","0005-000321","0005","Plastic Waste Bin","Cleaning and Sanitation","Store","1","Storage","Available","2025-2026",""
"3254","0005-000337","0005","Plastic Waste Bin","Cleaning and Sanitation","Store","1","Storage","Available","2026-2027",""
"3255","0005-000338","0005","Plastic Waste Bin","Cleaning and Sanitation","Store","1","Storage","Available","2026-2027",""
"3256","0005-000339","0005","Plastic Waste Bin","Cleaning and Sanitation","Store","1","Storage","Available","2026-2027",""
"3257","0005-000340","0005","Plastic Waste Bin","Cleaning and Sanitation","Store","1","Storage","Available","2026-2027",""
"3258","0005-000341","0005","Plastic Waste Bin","Cleaning and Sanitation","Store","1","Storage","Available","2026-2027",""
"56","0006-000001","0006","Wet Waste Bin","Cleaning and Sanitation","Clinic","11","304","Available","2025-2026",""
"57","0006-000002","0006","Wet Waste Bin","Cleaning and Sanitation","Store","1","Storage","Available","2025-2026",""
"58","0006-000003","0006","Wet Waste Bin","Cleaning and Sanitation","Store","1","Storage","Available","2025-2026",""
"59","0006-000004","0006","Wet Waste Bin","Cleaning and Sanitation","Store","1","Storage","Available","2025-2026",""
"60","0006-000005","0006","Wet Waste Bin","Cleaning and Sanitation","Store","1","Storage","Available","2025-2026",""
"61","0006-000006","0006","Wet Waste Bin","Cleaning and Sanitation","Store","1","Storage","Available","2025-2026",""
"62","0006-000007","0006","Wet Waste Bin","Cleaning and Sanitation","Store","1","Storage","Available","2025-2026",""
"63","0006-000008","0006","Wet Waste Bin","Cleaning and Sanitation","Store","1","Storage","Available","2025-2026",""
"64","0006-000009","0006","Wet Waste Bin","Cleaning and Sanitation","Store","1","Storage","Available","2025-2026",""
"65","0006-000010","0006","Wet Waste Bin","Cleaning and Sanitation","Store","1","Storage","Available","2025-2026",""
"66","0006-000011","0006","Wet Waste Bin","Cleaning and Sanitation","Store","1","Storage","Available","2025-2026",""
"67","0006-000012","0006","Wet Waste Bin","Cleaning and Sanitation","Store","1","Storage","Available","2025-2026",""
"68","0006-000013","0006","Wet Waste Bin","Cleaning and Sanitation","Store","1","Storage","Available","2025-2026",""
"3274","0006-000114","0006","Wet Waste Bin","Cleaning and Sanitation","Store","1","Storage","Available","2015-2016",""
"3275","0006-000115","0006","Wet Waste Bin","Cleaning and Sanitation","Store","1","Storage","Available","2015-2016",""
"3276","0006-000116","0006","Wet Waste Bin","Cleaning and Sanitation","Store","1","Storage","Available","2015-2016",""
"3277","0006-000117","0006","Wet Waste Bin","Cleaning and Sanitation","Store","1","Storage","Available","2015-2016",""
"3278","0006-000118","0006","Wet Waste Bin","Cleaning and Sanitation","Store","1","Storage","Available","2015-2016",""
"3294","0006-000134","0006","Wet Waste Bin","Cleaning and Sanitation","Store","1","Storage","Available","2016-2017",""
"3295","0006-000135","0006","Wet Waste Bin","Cleaning and Sanitation","Store","1","Storage","Available","2016-2017",""
"3296","0006-000136","0006","Wet Waste Bin","Cleaning and Sanitation","Store","1","Storage","Available","2016-2017",""
"3297","0006-000137","0006","Wet Waste Bin","Cleaning and Sanitation","Store","1","Storage","Available","2016-2017",""
"3298","0006-000138","0006","Wet Waste Bin","Cleaning and Sanitation","Store","1","Storage","Available","2016-2017",""
"3314","0006-000154","0006","Wet Waste Bin","Cleaning and Sanitation","Store","1","Storage","Available","2017-2018",""
"3315","0006-000155","0006","Wet Waste Bin","Cleaning and Sanitation","Store","1","Storage","Available","2017-2018",""
"3316","0006-000156","0006","Wet Waste Bin","Cleaning and Sanitation","Store","1","Storage","Available","2017-2018",""
"3317","0006-000157","0006","Wet Waste Bin","Cleaning and Sanitation","Store","1","Storage","Available","2017-2018",""
"3318","0006-000158","0006","Wet Waste Bin","Cleaning and Sanitation","Store","1","Storage","Available","2017-2018",""
"3334","0006-000174","0006","Wet Waste Bin","Cleaning and Sanitation","Store","1","Storage","Available","2018-2019",""
"3335","0006-000175","0006","Wet Waste Bin","Cleaning and Sanitation","Store","1","Storage","Available","2018-2019",""
"3336","0006-000176","0006","Wet Waste Bin","Cleaning and Sanitation","Store","1","Storage","Available","2018-2019",""
"3337","0006-000177","0006","Wet Waste Bin","Cleaning and Sanitation","Store","1","Storage","Available","2018-2019",""
"3338","0006-000178","0006","Wet Waste Bin","Cleaning and Sanitation","Store","1","Storage","Available","2018-2019",""
"3354","0006-000194","0006","Wet Waste Bin","Cleaning and Sanitation","Store","1","Storage","Available","2019-2020",""
"3355","0006-000195","0006","Wet Waste Bin","Cleaning and Sanitation","Store","1","Storage","Available","2019-2020",""
"3356","0006-000196","0006","Wet Waste Bin","Cleaning and Sanitation","Store","1","Storage","Available","2019-2020",""
"3357","0006-000197","0006","Wet Waste Bin","Cleaning and Sanitation","Store","1","Storage","Available","2019-2020",""
"3358","0006-000198","0006","Wet Waste Bin","Cleaning and Sanitation","Store","1","Storage","Available","2019-2020",""
"3374","0006-000214","0006","Wet Waste Bin","Cleaning and Sanitation","Store","1","Storage","Available","2020-2021",""
"3375","0006-000215","0006","Wet Waste Bin","Cleaning and Sanitation","Store","1","Storage","Available","2020-2021",""
"3376","0006-000216","0006","Wet Waste Bin","Cleaning and Sanitation","Store","1","Storage","Available","2020-2021",""
"3377","0006-000217","0006","Wet Waste Bin","Cleaning and Sanitation","Store","1","Storage","Available","2020-2021",""
"3378","0006-000218","0006","Wet Waste Bin","Cleaning and Sanitation","Store","1","Storage","Available","2020-2021",""
"3394","0006-000234","0006","Wet Waste Bin","Cleaning and Sanitation","Store","1","Storage","Available","2021-2022",""
"3395","0006-000235","0006","Wet Waste Bin","Cleaning and Sanitation","Store","1","Storage","Available","2021-2022",""
"3396","0006-000236","0006","Wet Waste Bin","Cleaning and Sanitation","Store","1","Storage","Available","2021-2022",""
"3397","0006-000237","0006","Wet Waste Bin","Cleaning and Sanitation","Store","1","Storage","Available","2021-2022",""
"3398","0006-000238","0006","Wet Waste Bin","Cleaning and Sanitation","Store","1","Storage","Available","2021-2022",""
"3414","0006-000254","0006","Wet Waste Bin","Cleaning and Sanitation","Store","1","Storage","Available","2022-2023",""
"3415","0006-000255","0006","Wet Waste Bin","Cleaning and Sanitation","Store","1","Storage","Available","2022-2023",""
"3416","0006-000256","0006","Wet Waste Bin","Cleaning and Sanitation","Store","1","Storage","Available","2022-2023",""
"3417","0006-000257","0006","Wet Waste Bin","Cleaning and Sanitation","Store","1","Storage","Available","2022-2023",""
"3418","0006-000258","0006","Wet Waste Bin","Cleaning and Sanitation","Store","1","Storage","Available","2022-2023",""
"3434","0006-000274","0006","Wet Waste Bin","Cleaning and Sanitation","Store","1","Storage","Available","2023-2024",""
"3435","0006-000275","0006","Wet Waste Bin","Cleaning and Sanitation","Store","1","Storage","Available","2023-2024",""
"3436","0006-000276","0006","Wet Waste Bin","Cleaning and Sanitation","Store","1","Storage","Available","2023-2024",""
"3437","0006-000277","0006","Wet Waste Bin","Cleaning and Sanitation","Store","1","Storage","Available","2023-2024",""
"3438","0006-000278","0006","Wet Waste Bin","Cleaning and Sanitation","Store","1","Storage","Available","2023-2024",""
"3454","0006-000294","0006","Wet Waste Bin","Cleaning and Sanitation","Store","1","Storage","Available","2024-2025",""
"3455","0006-000295","0006","Wet Waste Bin","Cleaning and Sanitation","Store","1","Storage","Available","2024-2025",""
"3456","0006-000296","0006","Wet Waste Bin","Cleaning and Sanitation","Store","1","Storage","Available","2024-2025",""
"3457","0006-000297","0006","Wet Waste Bin","Cleaning and Sanitation","Store","1","Storage","Available","2024-2025",""
"3458","0006-000298","0006","Wet Waste Bin","Cleaning and Sanitation","Store","1","Storage","Available","2024-2025",""
"3474","0006-000314","0006","Wet Waste Bin","Cleaning and Sanitation","Store","1","Storage","Available","2025-2026",""
"3475","0006-000315","0006","Wet Waste Bin","Cleaning and Sanitation","Store","1","Storage","Available","2025-2026",""
"3476","0006-000316","0006","Wet Waste Bin","Cleaning and Sanitation","Store","1","Storage","Available","2025-2026",""
"3477","0006-000317","0006","Wet Waste Bin","Cleaning and Sanitation","Store","1","Storage","Available","2025-2026",""
"3478","0006-000318","0006","Wet Waste Bin","Cleaning and Sanitation","Store","1","Storage","Available","2025-2026",""
"3494","0006-000334","0006","Wet Waste Bin","Cleaning and Sanitation","Store","1","Storage","Available","2026-2027",""
"3495","0006-000335","0006","Wet Waste Bin","Cleaning and Sanitation","Store","1","Storage","Available","2026-2027",""
"3496","0006-000336","0006","Wet Waste Bin","Cleaning and Sanitation","Store","1","Storage","Available","2026-2027",""
"3497","0006-000337","0006","Wet Waste Bin","Cleaning and Sanitation","Store","1","Storage","Available","2026-2027",""
"3498","0006-000338","0006","Wet Waste Bin","Cleaning and Sanitation","Store","1","Storage","Available","2026-2027",""
"69","0007-000001","0007","white board","Teaching and Learning Equipment","Faculty of Information Science(FIS)","2","201","In Use","2025-2026",""
"70","0007-000002","0007","white board","Teaching and Learning Equipment","Faculty of Computer Science(FCS)","3","202","Available","2025-2026",""
"71","0007-000003","0007","white board","Teaching and Learning Equipment","Classroom","14","204","Available","2025-2026",""
"72","0007-000004","0007","white board","Teaching and Learning Equipment","Faculty of Computing(FC)","4","301","Available","2025-2026",""
"73","0007-000005","0007","white board","Teaching and Learning Equipment","Classroom","14","204","Available","2025-2026",""
"74","0007-000006","0007","white board","Teaching and Learning Equipment","Classroom","13","211","Available","2025-2026",""
"75","0007-000007","0007","white board","Teaching and Learning Equipment","Classroom","13","211","Available","2025-2026",""
"76","0007-000008","0007","white board","Teaching and Learning Equipment","Faculty of Computer Systems and Technology(FCST)","5","302","Available","2025-2026",""
"77","0007-000009","0007","white board","Teaching and Learning Equipment","Department of English","6","203","Available","2025-2026",""
"3514","0007-000110","0007","white board","Teaching and Learning Equipment","Department of Natural Science(NS)","7","205","Available","2015-2016",""
"3515","0007-000111","0007","white board","Teaching and Learning Equipment","Department of Natural Science(NS)","7","205","Available","2015-2016",""
"3516","0007-000112","0007","white board","Teaching and Learning Equipment","Information Technology Supporting and Maintainance(ITSM)","8","102","Available","2015-2016",""
"3517","0007-000113","0007","white board","Teaching and Learning Equipment","Department of Student Affair","10","300","Available","2015-2016",""
"3518","0007-000114","0007","white board","Teaching and Learning Equipment","Store","1","Storage","Available","2015-2016",""
"3534","0007-000130","0007","white board","Teaching and Learning Equipment","Store","1","Storage","Available","2016-2017",""
"3535","0007-000131","0007","white board","Teaching and Learning Equipment","Store","1","Storage","Available","2016-2017",""
"3536","0007-000132","0007","white board","Teaching and Learning Equipment","Store","1","Storage","Available","2016-2017",""
"3537","0007-000133","0007","white board","Teaching and Learning Equipment","Store","1","Storage","Available","2016-2017",""
"3538","0007-000134","0007","white board","Teaching and Learning Equipment","Store","1","Storage","Available","2016-2017",""
"3554","0007-000150","0007","white board","Teaching and Learning Equipment","Store","1","Storage","Available","2017-2018",""
"3555","0007-000151","0007","white board","Teaching and Learning Equipment","Store","1","Storage","Available","2017-2018",""
"3556","0007-000152","0007","white board","Teaching and Learning Equipment","Store","1","Storage","Available","2017-2018",""
"3557","0007-000153","0007","white board","Teaching and Learning Equipment","Store","1","Storage","Available","2017-2018",""
"3558","0007-000154","0007","white board","Teaching and Learning Equipment","Store","1","Storage","Available","2017-2018",""
"3574","0007-000170","0007","white board","Teaching and Learning Equipment","Store","1","Storage","Available","2018-2019",""
"3575","0007-000171","0007","white board","Teaching and Learning Equipment","Store","1","Storage","Available","2018-2019",""
"3576","0007-000172","0007","white board","Teaching and Learning Equipment","Store","1","Storage","Available","2018-2019",""
"3577","0007-000173","0007","white board","Teaching and Learning Equipment","Store","1","Storage","Available","2018-2019",""
"3578","0007-000174","0007","white board","Teaching and Learning Equipment","Store","1","Storage","Available","2018-2019",""
"3594","0007-000190","0007","white board","Teaching and Learning Equipment","Store","1","Storage","Available","2019-2020",""
"3595","0007-000191","0007","white board","Teaching and Learning Equipment","Store","1","Storage","Available","2019-2020",""
"3596","0007-000192","0007","white board","Teaching and Learning Equipment","Store","1","Storage","Available","2019-2020",""
"3597","0007-000193","0007","white board","Teaching and Learning Equipment","Store","1","Storage","Available","2019-2020",""
"3598","0007-000194","0007","white board","Teaching and Learning Equipment","Store","1","Storage","Available","2019-2020",""
"3614","0007-000210","0007","white board","Teaching and Learning Equipment","Store","1","Storage","Available","2020-2021",""
"3615","0007-000211","0007","white board","Teaching and Learning Equipment","Store","1","Storage","Available","2020-2021",""
"3616","0007-000212","0007","white board","Teaching and Learning Equipment","Store","1","Storage","Available","2020-2021",""
"3617","0007-000213","0007","white board","Teaching and Learning Equipment","Store","1","Storage","Available","2020-2021",""
"3618","0007-000214","0007","white board","Teaching and Learning Equipment","Store","1","Storage","Available","2020-2021",""
"3634","0007-000230","0007","white board","Teaching and Learning Equipment","Store","1","Storage","Available","2021-2022",""
"3635","0007-000231","0007","white board","Teaching and Learning Equipment","Store","1","Storage","Available","2021-2022",""
"3636","0007-000232","0007","white board","Teaching and Learning Equipment","Store","1","Storage","Available","2021-2022",""
"3637","0007-000233","0007","white board","Teaching and Learning Equipment","Store","1","Storage","Available","2021-2022",""
"3638","0007-000234","0007","white board","Teaching and Learning Equipment","Store","1","Storage","Available","2021-2022",""
"3654","0007-000250","0007","white board","Teaching and Learning Equipment","Store","1","Storage","Available","2022-2023",""
"3655","0007-000251","0007","white board","Teaching and Learning Equipment","Store","1","Storage","Available","2022-2023",""
"3656","0007-000252","0007","white board","Teaching and Learning Equipment","Store","1","Storage","Available","2022-2023",""
"3657","0007-000253","0007","white board","Teaching and Learning Equipment","Store","1","Storage","Available","2022-2023",""
"3658","0007-000254","0007","white board","Teaching and Learning Equipment","Store","1","Storage","Available","2022-2023",""
"3674","0007-000270","0007","white board","Teaching and Learning Equipment","Store","1","Storage","Available","2023-2024",""
"3675","0007-000271","0007","white board","Teaching and Learning Equipment","Store","1","Storage","Available","2023-2024",""
"3676","0007-000272","0007","white board","Teaching and Learning Equipment","Store","1","Storage","Available","2023-2024",""
"3677","0007-000273","0007","white board","Teaching and Learning Equipment","Store","1","Storage","Available","2023-2024",""
"3678","0007-000274","0007","white board","Teaching and Learning Equipment","Store","1","Storage","Available","2023-2024",""
"3694","0007-000290","0007","white board","Teaching and Learning Equipment","Store","1","Storage","Available","2024-2025",""
"3695","0007-000291","0007","white board","Teaching and Learning Equipment","Store","1","Storage","Available","2024-2025",""
"3696","0007-000292","0007","white board","Teaching and Learning Equipment","Store","1","Storage","Available","2024-2025",""
"3697","0007-000293","0007","white board","Teaching and Learning Equipment","Store","1","Storage","Available","2024-2025",""
"3698","0007-000294","0007","white board","Teaching and Learning Equipment","Store","1","Storage","Available","2024-2025",""
"3714","0007-000310","0007","white board","Teaching and Learning Equipment","Store","1","Storage","Available","2025-2026",""
"3715","0007-000311","0007","white board","Teaching and Learning Equipment","Store","1","Storage","Available","2025-2026",""
"3716","0007-000312","0007","white board","Teaching and Learning Equipment","Store","1","Storage","Available","2025-2026",""
"3717","0007-000313","0007","white board","Teaching and Learning Equipment","Store","1","Storage","Available","2025-2026",""
"3718","0007-000314","0007","white board","Teaching and Learning Equipment","Store","1","Storage","Available","2025-2026",""
"3734","0007-000330","0007","white board","Teaching and Learning Equipment","Store","1","Storage","Available","2026-2027",""
"3735","0007-000331","0007","white board","Teaching and Learning Equipment","Store","1","Storage","Available","2026-2027",""
"3736","0007-000332","0007","white board","Teaching and Learning Equipment","Store","1","Storage","Available","2026-2027",""
"3737","0007-000333","0007","white board","Teaching and Learning Equipment","Store","1","Storage","Available","2026-2027",""
"3738","0007-000334","0007","white board","Teaching and Learning Equipment","Store","1","Storage","Available","2026-2027",""
"78","0008-000001","0008","blue chair","Furnature","Classroom","14","204","Available","2025-2026",""
"79","0008-000002","0008","blue chair","Furnature","Classroom","14","204","Available","2025-2026",""
"80","0008-000003","0008","blue chair","Furnature","Classroom","13","211","Available","2025-2026",""
"81","0008-000004","0008","blue chair","Furnature","Faculty of Information Science(FIS)","2","201","Available","2025-2026",""
"3754","0008-000105","0008","blue chair","Furnature","Faculty of Information Science(FIS)","2","201","Available","2015-2016",""
"3755","0008-000106","0008","blue chair","Furnature","Faculty of Information Science(FIS)","2","201","Available","2015-2016",""
"3756","0008-000107","0008","blue chair","Furnature","Faculty of Information Science(FIS)","2","201","Available","2015-2016",""
"3757","0008-000108","0008","blue chair","Furnature","Faculty of Information Science(FIS)","2","201","Available","2015-2016",""
"3758","0008-000109","0008","blue chair","Furnature","Faculty of Information Science(FIS)","2","201","Available","2015-2016",""
"3774","0008-000125","0008","blue chair","Furnature","Faculty of Information Science(FIS)","2","201","Available","2016-2017",""
"3775","0008-000126","0008","blue chair","Furnature","Faculty of Information Science(FIS)","2","201","Available","2016-2017",""
"3776","0008-000127","0008","blue chair","Furnature","Faculty of Computer Science(FCS)","3","202","Available","2016-2017",""
"3777","0008-000128","0008","blue chair","Furnature","Faculty of Computer Science(FCS)","3","202","Available","2016-2017",""
"3778","0008-000129","0008","blue chair","Furnature","Faculty of Computer Science(FCS)","3","202","Available","2016-2017",""
"3794","0008-000145","0008","blue chair","Furnature","Faculty of Computer Science(FCS)","3","202","Available","2017-2018",""
"3795","0008-000146","0008","blue chair","Furnature","Faculty of Computer Science(FCS)","3","202","Available","2017-2018",""
"3796","0008-000147","0008","blue chair","Furnature","Faculty of Computer Science(FCS)","3","202","Available","2017-2018",""
"3797","0008-000148","0008","blue chair","Furnature","Faculty of Computer Science(FCS)","3","202","Available","2017-2018",""
"3798","0008-000149","0008","blue chair","Furnature","Faculty of Computer Science(FCS)","3","202","Available","2017-2018",""
"3814","0008-000165","0008","blue chair","Furnature","Faculty of Computing(FC)","4","301","Available","2018-2019",""
"3815","0008-000166","0008","blue chair","Furnature","Faculty of Computing(FC)","4","301","Available","2018-2019",""
"3816","0008-000167","0008","blue chair","Furnature","Faculty of Computing(FC)","4","301","Available","2018-2019",""
"3817","0008-000168","0008","blue chair","Furnature","Faculty of Computing(FC)","4","301","Available","2018-2019",""
"3818","0008-000169","0008","blue chair","Furnature","Faculty of Computing(FC)","4","301","Available","2018-2019",""
"3834","0008-000185","0008","blue chair","Furnature","Faculty of Computing(FC)","4","301","Available","2019-2020",""
"3835","0008-000186","0008","blue chair","Furnature","Faculty of Computing(FC)","4","301","Available","2019-2020",""
"3836","0008-000187","0008","blue chair","Furnature","Faculty of Computing(FC)","4","301","Available","2019-2020",""
"3837","0008-000188","0008","blue chair","Furnature","Faculty of Computer Systems and Technology(FCST)","5","302","Available","2019-2020",""
"3838","0008-000189","0008","blue chair","Furnature","Faculty of Computer Systems and Technology(FCST)","5","302","Available","2019-2020",""
"3854","0008-000205","0008","blue chair","Furnature","Faculty of Computer Systems and Technology(FCST)","5","302","Available","2020-2021",""
"3855","0008-000206","0008","blue chair","Furnature","Faculty of Computer Systems and Technology(FCST)","5","302","Available","2020-2021",""
"3856","0008-000207","0008","blue chair","Furnature","Faculty of Computer Systems and Technology(FCST)","5","302","Available","2020-2021",""
"3857","0008-000208","0008","blue chair","Furnature","Faculty of Computer Systems and Technology(FCST)","5","302","Available","2020-2021",""
"3858","0008-000209","0008","blue chair","Furnature","Faculty of Computer Systems and Technology(FCST)","5","302","Available","2020-2021",""
"3874","0008-000225","0008","blue chair","Furnature","Faculty of Computer Systems and Technology(FCST)","5","302","Available","2021-2022",""
"3875","0008-000226","0008","blue chair","Furnature","Department of English","6","203","Available","2021-2022",""
"3876","0008-000227","0008","blue chair","Furnature","Department of English","6","203","Available","2021-2022",""
"3877","0008-000228","0008","blue chair","Furnature","Department of Natural Science(NS)","7","205","Available","2021-2022",""
"3878","0008-000229","0008","blue chair","Furnature","Department of Natural Science(NS)","7","205","Available","2021-2022",""
"3894","0008-000245","0008","blue chair","Furnature","Information Technology Supporting and Maintainance(ITSM)","8","102","Available","2022-2023",""
"3895","0008-000246","0008","blue chair","Furnature","Information Technology Supporting and Maintainance(ITSM)","8","102","Available","2022-2023",""
"3896","0008-000247","0008","blue chair","Furnature","Library","9","303","Available","2022-2023",""
"3897","0008-000248","0008","blue chair","Furnature","Library","9","303","Available","2022-2023",""
"3898","0008-000249","0008","blue chair","Furnature","Library","9","303","Available","2022-2023",""
"3914","0008-000265","0008","blue chair","Furnature","Library","9","303","Available","2023-2024",""
"3915","0008-000266","0008","blue chair","Furnature","Library","9","303","Available","2023-2024",""
"3916","0008-000267","0008","blue chair","Furnature","Library","9","303","Available","2023-2024",""
"3917","0008-000268","0008","blue chair","Furnature","Library","9","303","Available","2023-2024",""
"3918","0008-000269","0008","blue chair","Furnature","Library","9","303","Available","2023-2024",""
"3934","0008-000285","0008","blue chair","Furnature","Library","9","303","Available","2024-2025",""
"3935","0008-000286","0008","blue chair","Furnature","Library","9","303","Available","2024-2025",""
"3936","0008-000287","0008","blue chair","Furnature","Library","9","303","Available","2024-2025",""
"3937","0008-000288","0008","blue chair","Furnature","Library","9","303","Available","2024-2025",""
"3938","0008-000289","0008","blue chair","Furnature","Library","9","303","Available","2024-2025",""
"3954","0008-000305","0008","blue chair","Furnature","Library","9","303","Available","2025-2026",""
"3955","0008-000306","0008","blue chair","Furnature","Library","9","303","Available","2025-2026",""
"3956","0008-000307","0008","blue chair","Furnature","Library","9","303","Available","2025-2026",""
"3957","0008-000308","0008","blue chair","Furnature","Library","9","303","Available","2025-2026",""
"3958","0008-000309","0008","blue chair","Furnature","Library","9","303","Available","2025-2026",""
"3974","0008-000325","0008","blue chair","Furnature","Library","9","303","Available","2026-2027",""
"3975","0008-000326","0008","blue chair","Furnature","Library","9","303","Available","2026-2027",""
"3976","0008-000327","0008","blue chair","Furnature","Department of Student Affair","10","300","Available","2026-2027",""
"3977","0008-000328","0008","blue chair","Furnature","Department of Student Affair","10","300","Available","2026-2027",""
"3978","0008-000329","0008","blue chair","Furnature","Classroom","13","211","Available","2026-2027",""
"12743","0008-000330","0008","blue chair","Furnature","Classroom","13","211","Available","2026-2027",""
"12744","0008-000331","0008","blue chair","Furnature","Classroom","14","204","Available","2026-2027",""
"12745","0008-000332","0008","blue chair","Furnature","Store","1","Storage","Available","2026-2027",""
"12746","0008-000333","0008","blue chair","Furnature","Store","1","Storage","Available","2026-2027",""
"12747","0008-000334","0008","blue chair","Furnature","Store","1","Storage","Available","2026-2027",""
"12748","0008-000335","0008","blue chair","Furnature","Store","1","Storage","Available","2026-2027",""
"12749","0008-000336","0008","blue chair","Furnature","Store","1","Storage","Available","2026-2027",""
"12750","0008-000337","0008","blue chair","Furnature","Store","1","Storage","Available","2026-2027",""
"12751","0008-000338","0008","blue chair","Furnature","Store","1","Storage","Available","2026-2027",""
"12752","0008-000339","0008","blue chair","Furnature","Store","1","Storage","Available","2026-2027",""
"12753","0008-000340","0008","blue chair","Furnature","Store","1","Storage","Available","2026-2027",""
"12754","0008-000341","0008","blue chair","Furnature","Store","1","Storage","Available","2026-2027",""
"12755","0008-000342","0008","blue chair","Furnature","Store","1","Storage","Available","2026-2027",""
"12756","0008-000343","0008","blue chair","Furnature","Store","1","Storage","Available","2026-2027",""
"12757","0008-000344","0008","blue chair","Furnature","Store","1","Storage","Available","2026-2027",""
"12758","0008-000345","0008","blue chair","Furnature","Store","1","Storage","Available","2026-2027",""
"12759","0008-000346","0008","blue chair","Furnature","Store","1","Storage","Available","2026-2027",""
"12760","0008-000347","0008","blue chair","Furnature","Store","1","Storage","Available","2026-2027",""
"12761","0008-000348","0008","blue chair","Furnature","Store","1","Storage","Available","2026-2027",""
"12762","0008-000349","0008","blue chair","Furnature","Store","1","Storage","Available","2026-2027",""
"12763","0008-000350","0008","blue chair","Furnature","Store","1","Storage","Available","2026-2027",""
"12764","0008-000351","0008","blue chair","Furnature","Store","1","Storage","Available","2026-2027",""
"12765","0008-000352","0008","blue chair","Furnature","Store","1","Storage","Available","2026-2027",""
"12766","0008-000353","0008","blue chair","Furnature","Store","1","Storage","Available","2026-2027",""
"12767","0008-000354","0008","blue chair","Furnature","Store","1","Storage","Available","2026-2027",""
"12768","0008-000355","0008","blue chair","Furnature","Store","1","Storage","Available","2026-2027",""
"12769","0008-000356","0008","blue chair","Furnature","Store","1","Storage","Available","2026-2027",""
"12770","0008-000357","0008","blue chair","Furnature","Store","1","Storage","Available","2026-2027",""
"12771","0008-000358","0008","blue chair","Furnature","Store","1","Storage","Available","2026-2027",""
"12772","0008-000359","0008","blue chair","Furnature","Store","1","Storage","Available","2026-2027",""
"12773","0008-000360","0008","blue chair","Furnature","Store","1","Storage","Available","2026-2027",""
"12774","0008-000361","0008","blue chair","Furnature","Store","1","Storage","Available","2026-2027",""
"12775","0008-000362","0008","blue chair","Furnature","Store","1","Storage","Available","2026-2027",""
"12776","0008-000363","0008","blue chair","Furnature","Store","1","Storage","Available","2026-2027",""
"12777","0008-000364","0008","blue chair","Furnature","Store","1","Storage","Available","2026-2027",""
"12778","0008-000365","0008","blue chair","Furnature","Store","1","Storage","Available","2026-2027",""
"12779","0008-000366","0008","blue chair","Furnature","Store","1","Storage","Available","2026-2027",""
"12780","0008-000367","0008","blue chair","Furnature","Store","1","Storage","Available","2026-2027",""
"12781","0008-000368","0008","blue chair","Furnature","Store","1","Storage","Available","2026-2027",""
"12782","0008-000369","0008","blue chair","Furnature","Store","1","Storage","Available","2026-2027",""
"12783","0008-000370","0008","blue chair","Furnature","Store","1","Storage","Available","2026-2027",""
"12784","0008-000371","0008","blue chair","Furnature","Store","1","Storage","Available","2026-2027",""
"12785","0008-000372","0008","blue chair","Furnature","Store","1","Storage","Available","2026-2027",""
"12786","0008-000373","0008","blue chair","Furnature","Store","1","Storage","Available","2026-2027",""
"12787","0008-000374","0008","blue chair","Furnature","Store","1","Storage","Available","2026-2027",""
"12788","0008-000375","0008","blue chair","Furnature","Store","1","Storage","Available","2026-2027",""
"12789","0008-000376","0008","blue chair","Furnature","Store","1","Storage","Available","2026-2027",""
"12790","0008-000377","0008","blue chair","Furnature","Store","1","Storage","Available","2026-2027",""
"12791","0008-000378","0008","blue chair","Furnature","Store","1","Storage","Available","2026-2027",""
"12792","0008-000379","0008","blue chair","Furnature","Store","1","Storage","Available","2026-2027",""
"12793","0008-000380","0008","blue chair","Furnature","Store","1","Storage","Available","2026-2027",""
"12794","0008-000381","0008","blue chair","Furnature","Store","1","Storage","Available","2026-2027",""
"12795","0008-000382","0008","blue chair","Furnature","Store","1","Storage","Available","2026-2027",""
"12796","0008-000383","0008","blue chair","Furnature","Store","1","Storage","Available","2026-2027",""
"12797","0008-000384","0008","blue chair","Furnature","Store","1","Storage","Available","2026-2027",""
"12798","0008-000385","0008","blue chair","Furnature","Store","1","Storage","Available","2026-2027",""
"12799","0008-000386","0008","blue chair","Furnature","Store","1","Storage","Available","2026-2027",""
"12800","0008-000387","0008","blue chair","Furnature","Store","1","Storage","Available","2026-2027",""
"12801","0008-000388","0008","blue chair","Furnature","Store","1","Storage","Available","2026-2027",""
"12802","0008-000389","0008","blue chair","Furnature","Store","1","Storage","Available","2026-2027",""
"12803","0008-000390","0008","blue chair","Furnature","Store","1","Storage","Available","2026-2027",""
"12804","0008-000391","0008","blue chair","Furnature","Store","1","Storage","Available","2026-2027",""
"12805","0008-000392","0008","blue chair","Furnature","Store","1","Storage","Available","2026-2027",""
"12806","0008-000393","0008","blue chair","Furnature","Store","1","Storage","Available","2026-2027",""
"12807","0008-000394","0008","blue chair","Furnature","Store","1","Storage","Available","2026-2027",""
"12808","0008-000395","0008","blue chair","Furnature","Store","1","Storage","Available","2026-2027",""
"12809","0008-000396","0008","blue chair","Furnature","Store","1","Storage","Available","2026-2027",""
"12810","0008-000397","0008","blue chair","Furnature","Store","1","Storage","Available","2026-2027",""
"12811","0008-000398","0008","blue chair","Furnature","Store","1","Storage","Available","2026-2027",""
"12812","0008-000399","0008","blue chair","Furnature","Store","1","Storage","Available","2026-2027",""
"12813","0008-000400","0008","blue chair","Furnature","Store","1","Storage","Available","2026-2027",""
"12814","0008-000401","0008","blue chair","Furnature","Store","1","Storage","Available","2026-2027",""
"12815","0008-000402","0008","blue chair","Furnature","Store","1","Storage","Available","2026-2027",""
"12816","0008-000403","0008","blue chair","Furnature","Store","1","Storage","Available","2026-2027",""
"12817","0008-000404","0008","blue chair","Furnature","Store","1","Storage","Available","2026-2027",""
"12818","0008-000405","0008","blue chair","Furnature","Store","1","Storage","Available","2026-2027",""
"12819","0008-000406","0008","blue chair","Furnature","Store","1","Storage","Available","2026-2027",""
"12820","0008-000407","0008","blue chair","Furnature","Store","1","Storage","Available","2026-2027",""
"12821","0008-000408","0008","blue chair","Furnature","Store","1","Storage","Available","2026-2027",""
"12822","0008-000409","0008","blue chair","Furnature","Store","1","Storage","Available","2026-2027",""
"12823","0008-000410","0008","blue chair","Furnature","Store","1","Storage","Available","2026-2027",""
"12824","0008-000411","0008","blue chair","Furnature","Store","1","Storage","Available","2026-2027",""
"12825","0008-000412","0008","blue chair","Furnature","Store","1","Storage","Available","2026-2027",""
"12826","0008-000413","0008","blue chair","Furnature","Store","1","Storage","Available","2026-2027",""
"12827","0008-000414","0008","blue chair","Furnature","Store","1","Storage","Available","2026-2027",""
"12828","0008-000415","0008","blue chair","Furnature","Store","1","Storage","Available","2026-2027",""
"12829","0008-000416","0008","blue chair","Furnature","Store","1","Storage","Available","2026-2027",""
"12830","0008-000417","0008","blue chair","Furnature","Store","1","Storage","Available","2026-2027",""
"12831","0008-000418","0008","blue chair","Furnature","Store","1","Storage","Available","2026-2027",""
"12832","0008-000419","0008","blue chair","Furnature","Store","1","Storage","Available","2026-2027",""
"12833","0008-000420","0008","blue chair","Furnature","Store","1","Storage","Available","2026-2027",""
"12834","0008-000421","0008","blue chair","Furnature","Store","1","Storage","Available","2026-2027",""
"12835","0008-000422","0008","blue chair","Furnature","Store","1","Storage","Available","2026-2027",""
"12836","0008-000423","0008","blue chair","Furnature","Store","1","Storage","Available","2026-2027",""
"12837","0008-000424","0008","blue chair","Furnature","Store","1","Storage","Available","2026-2027",""
"12838","0008-000425","0008","blue chair","Furnature","Store","1","Storage","Available","2026-2027",""
"12839","0008-000426","0008","blue chair","Furnature","Store","1","Storage","Available","2026-2027",""
"12840","0008-000427","0008","blue chair","Furnature","Store","1","Storage","Available","2026-2027",""
"12841","0008-000428","0008","blue chair","Furnature","Store","1","Storage","Available","2026-2027",""
"12842","0008-000429","0008","blue chair","Furnature","Store","1","Storage","Available","2026-2027",""
"12843","0008-000430","0008","blue chair","Furnature","Store","1","Storage","Available","2026-2027",""
"12844","0008-000431","0008","blue chair","Furnature","Store","1","Storage","Available","2026-2027",""
"12845","0008-000432","0008","blue chair","Furnature","Store","1","Storage","Available","2026-2027",""
"12846","0008-000433","0008","blue chair","Furnature","Store","1","Storage","Available","2026-2027",""
"12847","0008-000434","0008","blue chair","Furnature","Store","1","Storage","Available","2026-2027",""
"12848","0008-000435","0008","blue chair","Furnature","Store","1","Storage","Available","2026-2027",""
"12849","0008-000436","0008","blue chair","Furnature","Store","1","Storage","Available","2026-2027",""
"12850","0008-000437","0008","blue chair","Furnature","Store","1","Storage","Available","2026-2027",""
"12851","0008-000438","0008","blue chair","Furnature","Store","1","Storage","Available","2026-2027",""
"12852","0008-000439","0008","blue chair","Furnature","Store","1","Storage","Available","2026-2027",""
"12853","0008-000440","0008","blue chair","Furnature","Store","1","Storage","Available","2026-2027",""
"12854","0008-000441","0008","blue chair","Furnature","Store","1","Storage","Available","2026-2027",""
"12855","0008-000442","0008","blue chair","Furnature","Store","1","Storage","Available","2026-2027",""
"12856","0008-000443","0008","blue chair","Furnature","Store","1","Storage","Available","2026-2027",""
"12857","0008-000444","0008","blue chair","Furnature","Store","1","Storage","Available","2026-2027",""
"12858","0008-000445","0008","blue chair","Furnature","Store","1","Storage","Available","2026-2027",""
"12859","0008-000446","0008","blue chair","Furnature","Store","1","Storage","Available","2026-2027",""
"12860","0008-000447","0008","blue chair","Furnature","Store","1","Storage","Available","2026-2027",""
"12861","0008-000448","0008","blue chair","Furnature","Store","1","Storage","Available","2026-2027",""
"12862","0008-000449","0008","blue chair","Furnature","Store","1","Storage","Available","2026-2027",""
"12863","0008-000450","0008","blue chair","Furnature","Store","1","Storage","Available","2026-2027",""
"12864","0008-000451","0008","blue chair","Furnature","Store","1","Storage","Available","2026-2027",""
"12865","0008-000452","0008","blue chair","Furnature","Store","1","Storage","Available","2026-2027",""
"12866","0008-000453","0008","blue chair","Furnature","Store","1","Storage","Available","2026-2027",""
"12867","0008-000454","0008","blue chair","Furnature","Store","1","Storage","Available","2026-2027",""
"12868","0008-000455","0008","blue chair","Furnature","Store","1","Storage","Available","2026-2027",""
"12869","0008-000456","0008","blue chair","Furnature","Store","1","Storage","Available","2026-2027",""
"12870","0008-000457","0008","blue chair","Furnature","Store","1","Storage","Available","2026-2027",""
"12871","0008-000458","0008","blue chair","Furnature","Store","1","Storage","Available","2026-2027",""
"12872","0008-000459","0008","blue chair","Furnature","Store","1","Storage","Available","2026-2027",""
"12873","0008-000460","0008","blue chair","Furnature","Store","1","Storage","Available","2026-2027",""
"12874","0008-000461","0008","blue chair","Furnature","Store","1","Storage","Available","2026-2027",""
"12875","0008-000462","0008","blue chair","Furnature","Store","1","Storage","Available","2026-2027",""
"12876","0008-000463","0008","blue chair","Furnature","Store","1","Storage","Available","2026-2027",""
"12877","0008-000464","0008","blue chair","Furnature","Store","1","Storage","Available","2026-2027",""
"12878","0008-000465","0008","blue chair","Furnature","Store","1","Storage","Available","2026-2027",""
"12879","0008-000466","0008","blue chair","Furnature","Store","1","Storage","Available","2026-2027",""
"12880","0008-000467","0008","blue chair","Furnature","Store","1","Storage","Available","2026-2027",""
"12881","0008-000468","0008","blue chair","Furnature","Store","1","Storage","Available","2026-2027",""
"12882","0008-000469","0008","blue chair","Furnature","Store","1","Storage","Available","2026-2027",""
"12883","0008-000470","0008","blue chair","Furnature","Store","1","Storage","Available","2026-2027",""
"12884","0008-000471","0008","blue chair","Furnature","Store","1","Storage","Available","2026-2027",""
"12885","0008-000472","0008","blue chair","Furnature","Store","1","Storage","Available","2026-2027",""
"12886","0008-000473","0008","blue chair","Furnature","Store","1","Storage","Available","2026-2027",""
"12887","0008-000474","0008","blue chair","Furnature","Store","1","Storage","Available","2026-2027",""
"12888","0008-000475","0008","blue chair","Furnature","Store","1","Storage","Available","2026-2027",""
"12889","0008-000476","0008","blue chair","Furnature","Store","1","Storage","Available","2026-2027",""
"12890","0008-000477","0008","blue chair","Furnature","Store","1","Storage","Available","2026-2027",""
"12891","0008-000478","0008","blue chair","Furnature","Store","1","Storage","Available","2026-2027",""
"12892","0008-000479","0008","blue chair","Furnature","Store","1","Storage","Available","2026-2027",""
"12893","0008-000480","0008","blue chair","Furnature","Store","1","Storage","Available","2026-2027",""
"12894","0008-000481","0008","blue chair","Furnature","Store","1","Storage","Available","2026-2027",""
"12895","0008-000482","0008","blue chair","Furnature","Store","1","Storage","Available","2026-2027",""
"12896","0008-000483","0008","blue chair","Furnature","Store","1","Storage","Available","2026-2027",""
"12897","0008-000484","0008","blue chair","Furnature","Store","1","Storage","Available","2026-2027",""
"12898","0008-000485","0008","blue chair","Furnature","Store","1","Storage","Available","2026-2027",""
"12899","0008-000486","0008","blue chair","Furnature","Store","1","Storage","Available","2026-2027",""
"12900","0008-000487","0008","blue chair","Furnature","Store","1","Storage","Available","2026-2027",""
"12901","0008-000488","0008","blue chair","Furnature","Store","1","Storage","Available","2026-2027",""
"12902","0008-000489","0008","blue chair","Furnature","Store","1","Storage","Available","2026-2027",""
"12903","0008-000490","0008","blue chair","Furnature","Store","1","Storage","Available","2026-2027",""
"12904","0008-000491","0008","blue chair","Furnature","Store","1","Storage","Available","2026-2027",""
"12905","0008-000492","0008","blue chair","Furnature","Store","1","Storage","Available","2026-2027",""
"12906","0008-000493","0008","blue chair","Furnature","Store","1","Storage","Available","2026-2027",""
"12907","0008-000494","0008","blue chair","Furnature","Store","1","Storage","Available","2026-2027",""
"12908","0008-000495","0008","blue chair","Furnature","Store","1","Storage","Available","2026-2027",""
"12909","0008-000496","0008","blue chair","Furnature","Store","1","Storage","Available","2026-2027",""
"12910","0008-000497","0008","blue chair","Furnature","Store","1","Storage","Available","2026-2027",""
"12911","0008-000498","0008","blue chair","Furnature","Store","1","Storage","Available","2026-2027",""
"12912","0008-000499","0008","blue chair","Furnature","Store","1","Storage","Available","2026-2027",""
"12913","0008-000500","0008","blue chair","Furnature","Store","1","Storage","Available","2026-2027",""
"12914","0008-000501","0008","blue chair","Furnature","Store","1","Storage","Available","2026-2027",""
"12915","0008-000502","0008","blue chair","Furnature","Store","1","Storage","Available","2026-2027",""
"12916","0008-000503","0008","blue chair","Furnature","Store","1","Storage","Available","2026-2027",""
"12917","0008-000504","0008","blue chair","Furnature","Store","1","Storage","Available","2026-2027",""
"12918","0008-000505","0008","blue chair","Furnature","Store","1","Storage","Available","2026-2027",""
"12919","0008-000506","0008","blue chair","Furnature","Store","1","Storage","Available","2026-2027",""
"12920","0008-000507","0008","blue chair","Furnature","Store","1","Storage","Available","2026-2027",""
"12921","0008-000508","0008","blue chair","Furnature","Store","1","Storage","Available","2026-2027",""
"12922","0008-000509","0008","blue chair","Furnature","Store","1","Storage","Available","2026-2027",""
"12923","0008-000510","0008","blue chair","Furnature","Store","1","Storage","Available","2026-2027",""
"12924","0008-000511","0008","blue chair","Furnature","Store","1","Storage","Available","2026-2027",""
"12925","0008-000512","0008","blue chair","Furnature","Store","1","Storage","Available","2026-2027",""
"12926","0008-000513","0008","blue chair","Furnature","Store","1","Storage","Available","2026-2027",""
"12927","0008-000514","0008","blue chair","Furnature","Store","1","Storage","Available","2026-2027",""
"12928","0008-000515","0008","blue chair","Furnature","Store","1","Storage","Available","2026-2027",""
"12929","0008-000516","0008","blue chair","Furnature","Store","1","Storage","Available","2026-2027",""
"12930","0008-000517","0008","blue chair","Furnature","Store","1","Storage","Available","2026-2027",""
"12931","0008-000518","0008","blue chair","Furnature","Store","1","Storage","Available","2026-2027",""
"12932","0008-000519","0008","blue chair","Furnature","Store","1","Storage","Available","2026-2027",""
"12933","0008-000520","0008","blue chair","Furnature","Store","1","Storage","Available","2026-2027",""
"12934","0008-000521","0008","blue chair","Furnature","Store","1","Storage","Available","2026-2027",""
"12935","0008-000522","0008","blue chair","Furnature","Store","1","Storage","Available","2026-2027",""
"12936","0008-000523","0008","blue chair","Furnature","Store","1","Storage","Available","2026-2027",""
"12937","0008-000524","0008","blue chair","Furnature","Store","1","Storage","Available","2026-2027",""
"12938","0008-000525","0008","blue chair","Furnature","Store","1","Storage","Available","2026-2027",""
"12939","0008-000526","0008","blue chair","Furnature","Store","1","Storage","Available","2026-2027",""
"12940","0008-000527","0008","blue chair","Furnature","Store","1","Storage","Available","2026-2027",""
"12941","0008-000528","0008","blue chair","Furnature","Store","1","Storage","Available","2026-2027",""
"12942","0008-000529","0008","blue chair","Furnature","Store","1","Storage","Available","2026-2027",""
"12943","0008-000530","0008","blue chair","Furnature","Store","1","Storage","Available","2026-2027",""
"12944","0008-000531","0008","blue chair","Furnature","Store","1","Storage","Available","2026-2027",""
"12945","0008-000532","0008","blue chair","Furnature","Store","1","Storage","Available","2026-2027",""
"12946","0008-000533","0008","blue chair","Furnature","Store","1","Storage","Available","2026-2027",""
"12947","0008-000534","0008","blue chair","Furnature","Store","1","Storage","Available","2026-2027",""
"12948","0008-000535","0008","blue chair","Furnature","Store","1","Storage","Available","2026-2027",""
"12949","0008-000536","0008","blue chair","Furnature","Store","1","Storage","Available","2026-2027",""
"12950","0008-000537","0008","blue chair","Furnature","Store","1","Storage","Available","2026-2027",""
"12951","0008-000538","0008","blue chair","Furnature","Store","1","Storage","Available","2026-2027",""
"12952","0008-000539","0008","blue chair","Furnature","Store","1","Storage","Available","2026-2027",""
"12953","0008-000540","0008","blue chair","Furnature","Store","1","Storage","Available","2026-2027",""
"12954","0008-000541","0008","blue chair","Furnature","Store","1","Storage","Available","2026-2027",""
"12955","0008-000542","0008","blue chair","Furnature","Store","1","Storage","Available","2026-2027",""
"12956","0008-000543","0008","blue chair","Furnature","Store","1","Storage","Available","2026-2027",""
"12957","0008-000544","0008","blue chair","Furnature","Store","1","Storage","Available","2026-2027",""
"12958","0008-000545","0008","blue chair","Furnature","Store","1","Storage","Available","2026-2027",""
"12959","0008-000546","0008","blue chair","Furnature","Store","1","Storage","Available","2026-2027",""
"12960","0008-000547","0008","blue chair","Furnature","Store","1","Storage","Available","2026-2027",""
"12961","0008-000548","0008","blue chair","Furnature","Store","1","Storage","Available","2026-2027",""
"12962","0008-000549","0008","blue chair","Furnature","Store","1","Storage","Available","2026-2027",""
"12963","0008-000550","0008","blue chair","Furnature","Store","1","Storage","Available","2026-2027",""
"12964","0008-000551","0008","blue chair","Furnature","Store","1","Storage","Available","2026-2027",""
"12965","0008-000552","0008","blue chair","Furnature","Store","1","Storage","Available","2026-2027",""
"12966","0008-000553","0008","blue chair","Furnature","Store","1","Storage","Available","2026-2027",""
"12967","0008-000554","0008","blue chair","Furnature","Store","1","Storage","Available","2026-2027",""
"12968","0008-000555","0008","blue chair","Furnature","Store","1","Storage","Available","2026-2027",""
"12969","0008-000556","0008","blue chair","Furnature","Store","1","Storage","Available","2026-2027",""
"12970","0008-000557","0008","blue chair","Furnature","Store","1","Storage","Available","2026-2027",""
"12971","0008-000558","0008","blue chair","Furnature","Store","1","Storage","Available","2026-2027",""
"12972","0008-000559","0008","blue chair","Furnature","Store","1","Storage","Available","2026-2027",""
"12973","0008-000560","0008","blue chair","Furnature","Store","1","Storage","Available","2026-2027",""
"12974","0008-000561","0008","blue chair","Furnature","Store","1","Storage","Available","2026-2027",""
"12975","0008-000562","0008","blue chair","Furnature","Store","1","Storage","Available","2026-2027",""
"12976","0008-000563","0008","blue chair","Furnature","Store","1","Storage","Available","2026-2027",""
"12977","0008-000564","0008","blue chair","Furnature","Store","1","Storage","Available","2026-2027",""
"12978","0008-000565","0008","blue chair","Furnature","Store","1","Storage","Available","2026-2027",""
"12979","0008-000566","0008","blue chair","Furnature","Store","1","Storage","Available","2026-2027",""
"12980","0008-000567","0008","blue chair","Furnature","Store","1","Storage","Available","2026-2027",""
"12981","0008-000568","0008","blue chair","Furnature","Store","1","Storage","Available","2026-2027",""
"12982","0008-000569","0008","blue chair","Furnature","Store","1","Storage","Available","2026-2027",""
"12983","0008-000570","0008","blue chair","Furnature","Store","1","Storage","Available","2026-2027",""
"12984","0008-000571","0008","blue chair","Furnature","Store","1","Storage","Available","2026-2027",""
"12985","0008-000572","0008","blue chair","Furnature","Store","1","Storage","Available","2026-2027",""
"12986","0008-000573","0008","blue chair","Furnature","Store","1","Storage","Available","2026-2027",""
"12987","0008-000574","0008","blue chair","Furnature","Store","1","Storage","Available","2026-2027",""
"12988","0008-000575","0008","blue chair","Furnature","Store","1","Storage","Available","2026-2027",""
"12989","0008-000576","0008","blue chair","Furnature","Store","1","Storage","Available","2026-2027",""
"12990","0008-000577","0008","blue chair","Furnature","Store","1","Storage","Available","2026-2027",""
"12991","0008-000578","0008","blue chair","Furnature","Store","1","Storage","Available","2026-2027",""
"12992","0008-000579","0008","blue chair","Furnature","Store","1","Storage","Available","2026-2027",""
"12993","0008-000580","0008","blue chair","Furnature","Store","1","Storage","Available","2026-2027",""
"12994","0008-000581","0008","blue chair","Furnature","Store","1","Storage","Available","2026-2027",""
"12995","0008-000582","0008","blue chair","Furnature","Store","1","Storage","Available","2026-2027",""
"12996","0008-000583","0008","blue chair","Furnature","Store","1","Storage","Available","2026-2027",""
"12997","0008-000584","0008","blue chair","Furnature","Store","1","Storage","Available","2026-2027",""
"12998","0008-000585","0008","blue chair","Furnature","Store","1","Storage","Available","2026-2027",""
"12999","0008-000586","0008","blue chair","Furnature","Store","1","Storage","Available","2026-2027",""
"13000","0008-000587","0008","blue chair","Furnature","Store","1","Storage","Available","2026-2027",""
"13001","0008-000588","0008","blue chair","Furnature","Store","1","Storage","Available","2026-2027",""
"13002","0008-000589","0008","blue chair","Furnature","Store","1","Storage","Available","2026-2027",""
"13003","0008-000590","0008","blue chair","Furnature","Store","1","Storage","Available","2026-2027",""
"13004","0008-000591","0008","blue chair","Furnature","Store","1","Storage","Available","2026-2027",""
"13005","0008-000592","0008","blue chair","Furnature","Store","1","Storage","Available","2026-2027",""
"13006","0008-000593","0008","blue chair","Furnature","Store","1","Storage","Available","2026-2027",""
"13007","0008-000594","0008","blue chair","Furnature","Store","1","Storage","Available","2026-2027",""
"13008","0008-000595","0008","blue chair","Furnature","Store","1","Storage","Available","2026-2027",""
"13009","0008-000596","0008","blue chair","Furnature","Store","1","Storage","Available","2026-2027",""
"13010","0008-000597","0008","blue chair","Furnature","Store","1","Storage","Available","2026-2027",""
"13011","0008-000598","0008","blue chair","Furnature","Store","1","Storage","Available","2026-2027",""
"13012","0008-000599","0008","blue chair","Furnature","Store","1","Storage","Available","2026-2027",""
"13013","0008-000600","0008","blue chair","Furnature","Store","1","Storage","Available","2026-2027",""
"13014","0008-000601","0008","blue chair","Furnature","Store","1","Storage","Available","2026-2027",""
"13015","0008-000602","0008","blue chair","Furnature","Store","1","Storage","Available","2026-2027",""
"13016","0008-000603","0008","blue chair","Furnature","Store","1","Storage","Available","2026-2027",""
"13017","0008-000604","0008","blue chair","Furnature","Store","1","Storage","Available","2026-2027",""
"13018","0008-000605","0008","blue chair","Furnature","Store","1","Storage","Available","2026-2027",""
"13019","0008-000606","0008","blue chair","Furnature","Store","1","Storage","Available","2026-2027",""
"13020","0008-000607","0008","blue chair","Furnature","Store","1","Storage","Available","2026-2027",""
"13021","0008-000608","0008","blue chair","Furnature","Store","1","Storage","Available","2026-2027",""
"13022","0008-000609","0008","blue chair","Furnature","Store","1","Storage","Available","2026-2027",""
"13023","0008-000610","0008","blue chair","Furnature","Store","1","Storage","Available","2026-2027",""
"13024","0008-000611","0008","blue chair","Furnature","Store","1","Storage","Available","2026-2027",""
"13025","0008-000612","0008","blue chair","Furnature","Store","1","Storage","Available","2026-2027",""
"13026","0008-000613","0008","blue chair","Furnature","Store","1","Storage","Available","2026-2027",""
"13027","0008-000614","0008","blue chair","Furnature","Store","1","Storage","Available","2026-2027",""
"13028","0008-000615","0008","blue chair","Furnature","Store","1","Storage","Available","2026-2027",""
"13029","0008-000616","0008","blue chair","Furnature","Store","1","Storage","Available","2026-2027",""
"13030","0008-000617","0008","blue chair","Furnature","Store","1","Storage","Available","2026-2027",""
"13031","0008-000618","0008","blue chair","Furnature","Store","1","Storage","Available","2026-2027",""
"13032","0008-000619","0008","blue chair","Furnature","Store","1","Storage","Available","2026-2027",""
"13033","0008-000620","0008","blue chair","Furnature","Store","1","Storage","Available","2026-2027",""
"13034","0008-000621","0008","blue chair","Furnature","Store","1","Storage","Available","2026-2027",""
"13035","0008-000622","0008","blue chair","Furnature","Store","1","Storage","Available","2026-2027",""
"13036","0008-000623","0008","blue chair","Furnature","Store","1","Storage","Available","2026-2027",""
"13037","0008-000624","0008","blue chair","Furnature","Store","1","Storage","Available","2026-2027",""
"13038","0008-000625","0008","blue chair","Furnature","Store","1","Storage","Available","2026-2027",""
"13039","0008-000626","0008","blue chair","Furnature","Store","1","Storage","Available","2026-2027",""
"13040","0008-000627","0008","blue chair","Furnature","Store","1","Storage","Available","2026-2027",""
"13041","0008-000628","0008","blue chair","Furnature","Store","1","Storage","Available","2026-2027",""
"13042","0008-000629","0008","blue chair","Furnature","Store","1","Storage","Available","2026-2027",""
"13043","0008-000630","0008","blue chair","Furnature","Store","1","Storage","Available","2026-2027",""
"13044","0008-000631","0008","blue chair","Furnature","Store","1","Storage","Available","2026-2027",""
"13045","0008-000632","0008","blue chair","Furnature","Store","1","Storage","Available","2026-2027",""
"13046","0008-000633","0008","blue chair","Furnature","Store","1","Storage","Available","2026-2027",""
"13047","0008-000634","0008","blue chair","Furnature","Store","1","Storage","Available","2026-2027",""
"13048","0008-000635","0008","blue chair","Furnature","Store","1","Storage","Available","2026-2027",""
"13049","0008-000636","0008","blue chair","Furnature","Store","1","Storage","Available","2026-2027",""
"13050","0008-000637","0008","blue chair","Furnature","Store","1","Storage","Available","2026-2027",""
"13051","0008-000638","0008","blue chair","Furnature","Store","1","Storage","Available","2026-2027",""
"13052","0008-000639","0008","blue chair","Furnature","Store","1","Storage","Available","2026-2027",""
"13053","0008-000640","0008","blue chair","Furnature","Store","1","Storage","Available","2026-2027",""
"13054","0008-000641","0008","blue chair","Furnature","Store","1","Storage","Available","2026-2027",""
"13055","0008-000642","0008","blue chair","Furnature","Store","1","Storage","Available","2026-2027",""
"13056","0008-000643","0008","blue chair","Furnature","Store","1","Storage","Available","2026-2027",""
"13057","0008-000644","0008","blue chair","Furnature","Store","1","Storage","Available","2026-2027",""
"13058","0008-000645","0008","blue chair","Furnature","Store","1","Storage","Available","2026-2027",""
"13059","0008-000646","0008","blue chair","Furnature","Store","1","Storage","Available","2026-2027",""
"13060","0008-000647","0008","blue chair","Furnature","Store","1","Storage","Available","2026-2027",""
"13061","0008-000648","0008","blue chair","Furnature","Store","1","Storage","Available","2026-2027",""
"13062","0008-000649","0008","blue chair","Furnature","Store","1","Storage","Available","2026-2027",""
"13063","0008-000650","0008","blue chair","Furnature","Store","1","Storage","Available","2026-2027",""
"13064","0008-000651","0008","blue chair","Furnature","Store","1","Storage","Available","2026-2027",""
"13065","0008-000652","0008","blue chair","Furnature","Store","1","Storage","Available","2026-2027",""
"13066","0008-000653","0008","blue chair","Furnature","Store","1","Storage","Available","2026-2027",""
"13067","0008-000654","0008","blue chair","Furnature","Store","1","Storage","Available","2026-2027",""
"13068","0008-000655","0008","blue chair","Furnature","Store","1","Storage","Available","2026-2027",""
"13069","0008-000656","0008","blue chair","Furnature","Store","1","Storage","Available","2026-2027",""
"13070","0008-000657","0008","blue chair","Furnature","Store","1","Storage","Available","2026-2027",""
"13071","0008-000658","0008","blue chair","Furnature","Store","1","Storage","Available","2026-2027",""
"13072","0008-000659","0008","blue chair","Furnature","Store","1","Storage","Available","2026-2027",""
"13073","0008-000660","0008","blue chair","Furnature","Store","1","Storage","Available","2026-2027",""
"13074","0008-000661","0008","blue chair","Furnature","Store","1","Storage","Available","2026-2027",""
"13075","0008-000662","0008","blue chair","Furnature","Store","1","Storage","Available","2026-2027",""
"13076","0008-000663","0008","blue chair","Furnature","Store","1","Storage","Available","2026-2027",""
"13077","0008-000664","0008","blue chair","Furnature","Store","1","Storage","Available","2026-2027",""
"13078","0008-000665","0008","blue chair","Furnature","Store","1","Storage","Available","2026-2027",""
"13079","0008-000666","0008","blue chair","Furnature","Store","1","Storage","Available","2026-2027",""
"13080","0008-000667","0008","blue chair","Furnature","Store","1","Storage","Available","2026-2027",""
"13081","0008-000668","0008","blue chair","Furnature","Store","1","Storage","Available","2026-2027",""
"13082","0008-000669","0008","blue chair","Furnature","Store","1","Storage","Available","2026-2027",""
"13083","0008-000670","0008","blue chair","Furnature","Store","1","Storage","Available","2026-2027",""
"13084","0008-000671","0008","blue chair","Furnature","Store","1","Storage","Available","2026-2027",""
"13085","0008-000672","0008","blue chair","Furnature","Store","1","Storage","Available","2026-2027",""
"13086","0008-000673","0008","blue chair","Furnature","Store","1","Storage","Available","2026-2027",""
"13087","0008-000674","0008","blue chair","Furnature","Store","1","Storage","Available","2026-2027",""
"13088","0008-000675","0008","blue chair","Furnature","Store","1","Storage","Available","2026-2027",""
"13089","0008-000676","0008","blue chair","Furnature","Store","1","Storage","Available","2026-2027",""
"13090","0008-000677","0008","blue chair","Furnature","Store","1","Storage","Available","2026-2027",""
"13091","0008-000678","0008","blue chair","Furnature","Store","1","Storage","Available","2026-2027",""
"13092","0008-000679","0008","blue chair","Furnature","Store","1","Storage","Available","2026-2027",""
"13093","0008-000680","0008","blue chair","Furnature","Store","1","Storage","Available","2026-2027",""
"13094","0008-000681","0008","blue chair","Furnature","Store","1","Storage","Available","2026-2027",""
"13095","0008-000682","0008","blue chair","Furnature","Store","1","Storage","Available","2026-2027",""
"13096","0008-000683","0008","blue chair","Furnature","Store","1","Storage","Available","2026-2027",""
"13097","0008-000684","0008","blue chair","Furnature","Store","1","Storage","Available","2026-2027",""
"13098","0008-000685","0008","blue chair","Furnature","Store","1","Storage","Available","2026-2027",""
"13099","0008-000686","0008","blue chair","Furnature","Store","1","Storage","Available","2026-2027",""
"13100","0008-000687","0008","blue chair","Furnature","Store","1","Storage","Available","2026-2027",""
"13101","0008-000688","0008","blue chair","Furnature","Store","1","Storage","Available","2026-2027",""
"13102","0008-000689","0008","blue chair","Furnature","Store","1","Storage","Available","2026-2027",""
"13103","0008-000690","0008","blue chair","Furnature","Store","1","Storage","Available","2026-2027",""
"13104","0008-000691","0008","blue chair","Furnature","Store","1","Storage","Available","2026-2027",""
"13105","0008-000692","0008","blue chair","Furnature","Store","1","Storage","Available","2026-2027",""
"13106","0008-000693","0008","blue chair","Furnature","Store","1","Storage","Available","2026-2027",""
"13107","0008-000694","0008","blue chair","Furnature","Store","1","Storage","Available","2026-2027",""
"13108","0008-000695","0008","blue chair","Furnature","Store","1","Storage","Available","2026-2027",""
"13109","0008-000696","0008","blue chair","Furnature","Store","1","Storage","Available","2026-2027",""
"13110","0008-000697","0008","blue chair","Furnature","Store","1","Storage","Available","2026-2027",""
"13111","0008-000698","0008","blue chair","Furnature","Store","1","Storage","Available","2026-2027",""
"13112","0008-000699","0008","blue chair","Furnature","Store","1","Storage","Available","2026-2027",""
"13113","0008-000700","0008","blue chair","Furnature","Store","1","Storage","Available","2026-2027",""
"13114","0008-000701","0008","blue chair","Furnature","Store","1","Storage","Available","2026-2027",""
"13115","0008-000702","0008","blue chair","Furnature","Store","1","Storage","Available","2026-2027",""
"13116","0008-000703","0008","blue chair","Furnature","Store","1","Storage","Available","2026-2027",""
"13117","0008-000704","0008","blue chair","Furnature","Store","1","Storage","Available","2026-2027",""
"13118","0008-000705","0008","blue chair","Furnature","Store","1","Storage","Available","2026-2027",""
"13119","0008-000706","0008","blue chair","Furnature","Store","1","Storage","Available","2026-2027",""
"13120","0008-000707","0008","blue chair","Furnature","Store","1","Storage","Available","2026-2027",""
"13121","0008-000708","0008","blue chair","Furnature","Store","1","Storage","Available","2026-2027",""
"13122","0008-000709","0008","blue chair","Furnature","Store","1","Storage","Available","2026-2027",""
"13123","0008-000710","0008","blue chair","Furnature","Store","1","Storage","Available","2026-2027",""
"13124","0008-000711","0008","blue chair","Furnature","Store","1","Storage","Available","2026-2027",""
"13125","0008-000712","0008","blue chair","Furnature","Store","1","Storage","Available","2026-2027",""
"13126","0008-000713","0008","blue chair","Furnature","Store","1","Storage","Available","2026-2027",""
"13127","0008-000714","0008","blue chair","Furnature","Store","1","Storage","Available","2026-2027",""
"13128","0008-000715","0008","blue chair","Furnature","Store","1","Storage","Available","2026-2027",""
"13129","0008-000716","0008","blue chair","Furnature","Store","1","Storage","Available","2026-2027",""
"13130","0008-000717","0008","blue chair","Furnature","Store","1","Storage","Available","2026-2027",""
"13131","0008-000718","0008","blue chair","Furnature","Store","1","Storage","Available","2026-2027",""
"13132","0008-000719","0008","blue chair","Furnature","Store","1","Storage","Available","2026-2027",""
"13133","0008-000720","0008","blue chair","Furnature","Store","1","Storage","Available","2026-2027",""
"13134","0008-000721","0008","blue chair","Furnature","Store","1","Storage","Available","2026-2027",""
"13135","0008-000722","0008","blue chair","Furnature","Store","1","Storage","Available","2026-2027",""
"13136","0008-000723","0008","blue chair","Furnature","Store","1","Storage","Available","2026-2027",""
"13137","0008-000724","0008","blue chair","Furnature","Store","1","Storage","Available","2026-2027",""
"13138","0008-000725","0008","blue chair","Furnature","Store","1","Storage","Available","2026-2027",""
"13139","0008-000726","0008","blue chair","Furnature","Store","1","Storage","Available","2026-2027",""
"13140","0008-000727","0008","blue chair","Furnature","Store","1","Storage","Available","2026-2027",""
"13141","0008-000728","0008","blue chair","Furnature","Store","1","Storage","Available","2026-2027",""
"13142","0008-000729","0008","blue chair","Furnature","Store","1","Storage","Available","2026-2027",""
"13143","0008-000730","0008","blue chair","Furnature","Store","1","Storage","Available","2026-2027",""
"13144","0008-000731","0008","blue chair","Furnature","Store","1","Storage","Available","2026-2027",""
"13145","0008-000732","0008","blue chair","Furnature","Store","1","Storage","Available","2026-2027",""
"13146","0008-000733","0008","blue chair","Furnature","Store","1","Storage","Available","2026-2027",""
"13147","0008-000734","0008","blue chair","Furnature","Store","1","Storage","Available","2026-2027",""
"13148","0008-000735","0008","blue chair","Furnature","Store","1","Storage","Available","2026-2027",""
"13149","0008-000736","0008","blue chair","Furnature","Store","1","Storage","Available","2026-2027",""
"13150","0008-000737","0008","blue chair","Furnature","Store","1","Storage","Available","2026-2027",""
"13151","0008-000738","0008","blue chair","Furnature","Store","1","Storage","Available","2026-2027",""
"13152","0008-000739","0008","blue chair","Furnature","Store","1","Storage","Available","2026-2027",""
"13153","0008-000740","0008","blue chair","Furnature","Store","1","Storage","Available","2026-2027",""
"13154","0008-000741","0008","blue chair","Furnature","Store","1","Storage","Available","2026-2027",""
"13155","0008-000742","0008","blue chair","Furnature","Store","1","Storage","Available","2026-2027",""
"13156","0008-000743","0008","blue chair","Furnature","Store","1","Storage","Available","2026-2027",""
"13157","0008-000744","0008","blue chair","Furnature","Store","1","Storage","Available","2026-2027",""
"13158","0008-000745","0008","blue chair","Furnature","Store","1","Storage","Available","2026-2027",""
"13159","0008-000746","0008","blue chair","Furnature","Store","1","Storage","Available","2026-2027",""
"13160","0008-000747","0008","blue chair","Furnature","Store","1","Storage","Available","2026-2027",""
"13161","0008-000748","0008","blue chair","Furnature","Store","1","Storage","Available","2026-2027",""
"13162","0008-000749","0008","blue chair","Furnature","Store","1","Storage","Available","2026-2027",""
"13163","0008-000750","0008","blue chair","Furnature","Store","1","Storage","Available","2026-2027",""
"13164","0008-000751","0008","blue chair","Furnature","Store","1","Storage","Available","2026-2027",""
"13165","0008-000752","0008","blue chair","Furnature","Store","1","Storage","Available","2026-2027",""
"13166","0008-000753","0008","blue chair","Furnature","Store","1","Storage","Available","2026-2027",""
"13167","0008-000754","0008","blue chair","Furnature","Store","1","Storage","Available","2026-2027",""
"13168","0008-000755","0008","blue chair","Furnature","Store","1","Storage","Available","2026-2027",""
"13169","0008-000756","0008","blue chair","Furnature","Store","1","Storage","Available","2026-2027",""
"13170","0008-000757","0008","blue chair","Furnature","Store","1","Storage","Available","2026-2027",""
"13171","0008-000758","0008","blue chair","Furnature","Store","1","Storage","Available","2026-2027",""
"13172","0008-000759","0008","blue chair","Furnature","Store","1","Storage","Available","2026-2027",""
"13173","0008-000760","0008","blue chair","Furnature","Store","1","Storage","Available","2026-2027",""
"13174","0008-000761","0008","blue chair","Furnature","Store","1","Storage","Available","2026-2027",""
"13175","0008-000762","0008","blue chair","Furnature","Store","1","Storage","Available","2026-2027",""
"13176","0008-000763","0008","blue chair","Furnature","Store","1","Storage","Available","2026-2027",""
"13177","0008-000764","0008","blue chair","Furnature","Store","1","Storage","Available","2026-2027",""
"13178","0008-000765","0008","blue chair","Furnature","Store","1","Storage","Available","2026-2027",""
"13179","0008-000766","0008","blue chair","Furnature","Store","1","Storage","Available","2026-2027",""
"13180","0008-000767","0008","blue chair","Furnature","Store","1","Storage","Available","2026-2027",""
"13181","0008-000768","0008","blue chair","Furnature","Store","1","Storage","Available","2026-2027",""
"13182","0008-000769","0008","blue chair","Furnature","Store","1","Storage","Available","2026-2027",""
"13183","0008-000770","0008","blue chair","Furnature","Store","1","Storage","Available","2026-2027",""
"13184","0008-000771","0008","blue chair","Furnature","Store","1","Storage","Available","2026-2027",""
"13185","0008-000772","0008","blue chair","Furnature","Store","1","Storage","Available","2026-2027",""
"13186","0008-000773","0008","blue chair","Furnature","Store","1","Storage","Available","2026-2027",""
"13187","0008-000774","0008","blue chair","Furnature","Store","1","Storage","Available","2026-2027",""
"13188","0008-000775","0008","blue chair","Furnature","Store","1","Storage","Available","2026-2027",""
"13189","0008-000776","0008","blue chair","Furnature","Store","1","Storage","Available","2026-2027",""
"13190","0008-000777","0008","blue chair","Furnature","Store","1","Storage","Available","2026-2027",""
"13191","0008-000778","0008","blue chair","Furnature","Store","1","Storage","Available","2026-2027",""
"13192","0008-000779","0008","blue chair","Furnature","Store","1","Storage","Available","2026-2027",""
"13193","0008-000780","0008","blue chair","Furnature","Store","1","Storage","Available","2026-2027",""
"13194","0008-000781","0008","blue chair","Furnature","Store","1","Storage","Available","2026-2027",""
"13195","0008-000782","0008","blue chair","Furnature","Store","1","Storage","Available","2026-2027",""
"13196","0008-000783","0008","blue chair","Furnature","Store","1","Storage","Available","2026-2027",""
"13197","0008-000784","0008","blue chair","Furnature","Store","1","Storage","Available","2026-2027",""
"13198","0008-000785","0008","blue chair","Furnature","Store","1","Storage","Available","2026-2027",""
"13199","0008-000786","0008","blue chair","Furnature","Store","1","Storage","Available","2026-2027",""
"13200","0008-000787","0008","blue chair","Furnature","Store","1","Storage","Available","2026-2027",""
"13201","0008-000788","0008","blue chair","Furnature","Store","1","Storage","Available","2026-2027",""
"13202","0008-000789","0008","blue chair","Furnature","Store","1","Storage","Available","2026-2027",""
"13203","0008-000790","0008","blue chair","Furnature","Store","1","Storage","Available","2026-2027",""
"13204","0008-000791","0008","blue chair","Furnature","Store","1","Storage","Available","2026-2027",""
"13205","0008-000792","0008","blue chair","Furnature","Store","1","Storage","Available","2026-2027",""
"13206","0008-000793","0008","blue chair","Furnature","Store","1","Storage","Available","2026-2027",""
"13207","0008-000794","0008","blue chair","Furnature","Store","1","Storage","Available","2026-2027",""
"13208","0008-000795","0008","blue chair","Furnature","Store","1","Storage","Available","2026-2027",""
"13209","0008-000796","0008","blue chair","Furnature","Store","1","Storage","Available","2026-2027",""
"13210","0008-000797","0008","blue chair","Furnature","Store","1","Storage","Available","2026-2027",""
"13211","0008-000798","0008","blue chair","Furnature","Store","1","Storage","Available","2026-2027",""
"13212","0008-000799","0008","blue chair","Furnature","Store","1","Storage","Available","2026-2027",""
"13213","0008-000800","0008","blue chair","Furnature","Store","1","Storage","Available","2026-2027",""
"13214","0008-000801","0008","blue chair","Furnature","Store","1","Storage","Available","2026-2027",""
"13215","0008-000802","0008","blue chair","Furnature","Store","1","Storage","Available","2026-2027",""
"13216","0008-000803","0008","blue chair","Furnature","Store","1","Storage","Available","2026-2027",""
"13217","0008-000804","0008","blue chair","Furnature","Store","1","Storage","Available","2026-2027",""
"13218","0008-000805","0008","blue chair","Furnature","Store","1","Storage","Available","2026-2027",""
"13219","0008-000806","0008","blue chair","Furnature","Store","1","Storage","Available","2026-2027",""
"13220","0008-000807","0008","blue chair","Furnature","Store","1","Storage","Available","2026-2027",""
"13221","0008-000808","0008","blue chair","Furnature","Store","1","Storage","Available","2026-2027",""
"13222","0008-000809","0008","blue chair","Furnature","Store","1","Storage","Available","2026-2027",""
"13223","0008-000810","0008","blue chair","Furnature","Store","1","Storage","Available","2026-2027",""
"13224","0008-000811","0008","blue chair","Furnature","Store","1","Storage","Available","2026-2027",""
"13225","0008-000812","0008","blue chair","Furnature","Store","1","Storage","Available","2026-2027",""
"13226","0008-000813","0008","blue chair","Furnature","Store","1","Storage","Available","2026-2027",""
"13227","0008-000814","0008","blue chair","Furnature","Store","1","Storage","Available","2026-2027",""
"13228","0008-000815","0008","blue chair","Furnature","Store","1","Storage","Available","2026-2027",""
"13229","0008-000816","0008","blue chair","Furnature","Store","1","Storage","Available","2026-2027",""
"13230","0008-000817","0008","blue chair","Furnature","Store","1","Storage","Available","2026-2027",""
"13231","0008-000818","0008","blue chair","Furnature","Store","1","Storage","Available","2026-2027",""
"13232","0008-000819","0008","blue chair","Furnature","Store","1","Storage","Available","2026-2027",""
"13233","0008-000820","0008","blue chair","Furnature","Store","1","Storage","Available","2026-2027",""
"13234","0008-000821","0008","blue chair","Furnature","Store","1","Storage","Available","2026-2027",""
"13235","0008-000822","0008","blue chair","Furnature","Store","1","Storage","Available","2026-2027",""
"13236","0008-000823","0008","blue chair","Furnature","Store","1","Storage","Available","2026-2027",""
"13237","0008-000824","0008","blue chair","Furnature","Store","1","Storage","Available","2026-2027",""
"13238","0008-000825","0008","blue chair","Furnature","Store","1","Storage","Available","2026-2027",""
"13239","0008-000826","0008","blue chair","Furnature","Store","1","Storage","Available","2026-2027",""
"13240","0008-000827","0008","blue chair","Furnature","Store","1","Storage","Available","2026-2027",""
"13241","0008-000828","0008","blue chair","Furnature","Store","1","Storage","Available","2026-2027",""
"13242","0008-000829","0008","blue chair","Furnature","Store","1","Storage","Available","2026-2027",""
"13243","0008-000830","0008","blue chair","Furnature","Store","1","Storage","Available","2026-2027",""
"13244","0008-000831","0008","blue chair","Furnature","Store","1","Storage","Available","2026-2027",""
"13245","0008-000832","0008","blue chair","Furnature","Store","1","Storage","Available","2026-2027",""
"13246","0008-000833","0008","blue chair","Furnature","Store","1","Storage","Available","2026-2027",""
"13247","0008-000834","0008","blue chair","Furnature","Store","1","Storage","Available","2026-2027",""
"13248","0008-000835","0008","blue chair","Furnature","Store","1","Storage","Available","2026-2027",""
"13249","0008-000836","0008","blue chair","Furnature","Store","1","Storage","Available","2026-2027",""
"13250","0008-000837","0008","blue chair","Furnature","Store","1","Storage","Available","2026-2027",""
"13251","0008-000838","0008","blue chair","Furnature","Store","1","Storage","Available","2026-2027",""
"13252","0008-000839","0008","blue chair","Furnature","Store","1","Storage","Available","2026-2027",""
"13253","0008-000840","0008","blue chair","Furnature","Store","1","Storage","Available","2026-2027",""
"13254","0008-000841","0008","blue chair","Furnature","Store","1","Storage","Available","2026-2027",""
"13255","0008-000842","0008","blue chair","Furnature","Store","1","Storage","Available","2026-2027",""
"13256","0008-000843","0008","blue chair","Furnature","Store","1","Storage","Available","2026-2027",""
"13257","0008-000844","0008","blue chair","Furnature","Store","1","Storage","Available","2026-2027",""
"13258","0008-000845","0008","blue chair","Furnature","Store","1","Storage","Available","2026-2027",""
"13259","0008-000846","0008","blue chair","Furnature","Store","1","Storage","Available","2026-2027",""
"13260","0008-000847","0008","blue chair","Furnature","Store","1","Storage","Available","2026-2027",""
"13261","0008-000848","0008","blue chair","Furnature","Store","1","Storage","Available","2026-2027",""
"13262","0008-000849","0008","blue chair","Furnature","Store","1","Storage","Available","2026-2027",""
"13263","0008-000850","0008","blue chair","Furnature","Store","1","Storage","Available","2026-2027",""
"13264","0008-000851","0008","blue chair","Furnature","Store","1","Storage","Available","2026-2027",""
"13265","0008-000852","0008","blue chair","Furnature","Store","1","Storage","Available","2026-2027",""
"13266","0008-000853","0008","blue chair","Furnature","Store","1","Storage","Available","2026-2027",""
"13267","0008-000854","0008","blue chair","Furnature","Store","1","Storage","Available","2026-2027",""
"13268","0008-000855","0008","blue chair","Furnature","Store","1","Storage","Available","2026-2027",""
"13269","0008-000856","0008","blue chair","Furnature","Store","1","Storage","Available","2026-2027",""
"13270","0008-000857","0008","blue chair","Furnature","Store","1","Storage","Available","2026-2027",""
"13271","0008-000858","0008","blue chair","Furnature","Store","1","Storage","Available","2026-2027",""
"13272","0008-000859","0008","blue chair","Furnature","Store","1","Storage","Available","2026-2027",""
"13273","0008-000860","0008","blue chair","Furnature","Store","1","Storage","Available","2026-2027",""
"13274","0008-000861","0008","blue chair","Furnature","Store","1","Storage","Available","2026-2027",""
"13275","0008-000862","0008","blue chair","Furnature","Store","1","Storage","Available","2026-2027",""
"13276","0008-000863","0008","blue chair","Furnature","Store","1","Storage","Available","2026-2027",""
"13277","0008-000864","0008","blue chair","Furnature","Store","1","Storage","Available","2026-2027",""
"13278","0008-000865","0008","blue chair","Furnature","Store","1","Storage","Available","2026-2027",""
"13279","0008-000866","0008","blue chair","Furnature","Store","1","Storage","Available","2026-2027",""
"13280","0008-000867","0008","blue chair","Furnature","Store","1","Storage","Available","2026-2027",""
"13281","0008-000868","0008","blue chair","Furnature","Store","1","Storage","Available","2026-2027",""
"13282","0008-000869","0008","blue chair","Furnature","Store","1","Storage","Available","2026-2027",""
"13283","0008-000870","0008","blue chair","Furnature","Store","1","Storage","Available","2026-2027",""
"13284","0008-000871","0008","blue chair","Furnature","Store","1","Storage","Available","2026-2027",""
"13285","0008-000872","0008","blue chair","Furnature","Store","1","Storage","Available","2026-2027",""
"13286","0008-000873","0008","blue chair","Furnature","Store","1","Storage","Available","2026-2027",""
"13287","0008-000874","0008","blue chair","Furnature","Store","1","Storage","Available","2026-2027",""
"13288","0008-000875","0008","blue chair","Furnature","Store","1","Storage","Available","2026-2027",""
"13289","0008-000876","0008","blue chair","Furnature","Store","1","Storage","Available","2026-2027",""
"13290","0008-000877","0008","blue chair","Furnature","Store","1","Storage","Available","2026-2027",""
"13291","0008-000878","0008","blue chair","Furnature","Store","1","Storage","Available","2026-2027",""
"13292","0008-000879","0008","blue chair","Furnature","Store","1","Storage","Available","2026-2027",""
"13293","0008-000880","0008","blue chair","Furnature","Store","1","Storage","Available","2026-2027",""
"13294","0008-000881","0008","blue chair","Furnature","Store","1","Storage","Available","2026-2027",""
"13295","0008-000882","0008","blue chair","Furnature","Store","1","Storage","Available","2026-2027",""
"13296","0008-000883","0008","blue chair","Furnature","Store","1","Storage","Available","2026-2027",""
"13297","0008-000884","0008","blue chair","Furnature","Store","1","Storage","Available","2026-2027",""
"13298","0008-000885","0008","blue chair","Furnature","Store","1","Storage","Available","2026-2027",""
"13299","0008-000886","0008","blue chair","Furnature","Store","1","Storage","Available","2026-2027",""
"13300","0008-000887","0008","blue chair","Furnature","Store","1","Storage","Available","2026-2027",""
"13301","0008-000888","0008","blue chair","Furnature","Store","1","Storage","Available","2026-2027",""
"13302","0008-000889","0008","blue chair","Furnature","Store","1","Storage","Available","2026-2027",""
"13303","0008-000890","0008","blue chair","Furnature","Store","1","Storage","Available","2026-2027",""
"13304","0008-000891","0008","blue chair","Furnature","Store","1","Storage","Available","2026-2027",""
"13305","0008-000892","0008","blue chair","Furnature","Store","1","Storage","Available","2026-2027",""
"13306","0008-000893","0008","blue chair","Furnature","Store","1","Storage","Available","2026-2027",""
"13307","0008-000894","0008","blue chair","Furnature","Store","1","Storage","Available","2026-2027",""
"13308","0008-000895","0008","blue chair","Furnature","Store","1","Storage","Available","2026-2027",""
"13309","0008-000896","0008","blue chair","Furnature","Store","1","Storage","Available","2026-2027",""
"13310","0008-000897","0008","blue chair","Furnature","Store","1","Storage","Available","2026-2027",""
"13311","0008-000898","0008","blue chair","Furnature","Store","1","Storage","Available","2026-2027",""
"13312","0008-000899","0008","blue chair","Furnature","Store","1","Storage","Available","2026-2027",""
"13313","0008-000900","0008","blue chair","Furnature","Store","1","Storage","Available","2026-2027",""
"13314","0008-000901","0008","blue chair","Furnature","Store","1","Storage","Available","2026-2027",""
"13315","0008-000902","0008","blue chair","Furnature","Store","1","Storage","Available","2026-2027",""
"13316","0008-000903","0008","blue chair","Furnature","Store","1","Storage","Available","2026-2027",""
"13317","0008-000904","0008","blue chair","Furnature","Store","1","Storage","Available","2026-2027",""
"13318","0008-000905","0008","blue chair","Furnature","Store","1","Storage","Available","2026-2027",""
"13319","0008-000906","0008","blue chair","Furnature","Store","1","Storage","Available","2026-2027",""
"13320","0008-000907","0008","blue chair","Furnature","Store","1","Storage","Available","2026-2027",""
"13321","0008-000908","0008","blue chair","Furnature","Store","1","Storage","Available","2026-2027",""
"13322","0008-000909","0008","blue chair","Furnature","Store","1","Storage","Available","2026-2027",""
"13323","0008-000910","0008","blue chair","Furnature","Store","1","Storage","Available","2026-2027",""
"13324","0008-000911","0008","blue chair","Furnature","Store","1","Storage","Available","2026-2027",""
"13325","0008-000912","0008","blue chair","Furnature","Store","1","Storage","Available","2026-2027",""
"13326","0008-000913","0008","blue chair","Furnature","Store","1","Storage","Available","2026-2027",""
"13327","0008-000914","0008","blue chair","Furnature","Store","1","Storage","Available","2026-2027",""
"13328","0008-000915","0008","blue chair","Furnature","Store","1","Storage","Available","2026-2027",""
"13329","0008-000916","0008","blue chair","Furnature","Store","1","Storage","Available","2026-2027",""
"13330","0008-000917","0008","blue chair","Furnature","Store","1","Storage","Available","2026-2027",""
"13331","0008-000918","0008","blue chair","Furnature","Store","1","Storage","Available","2026-2027",""
"13332","0008-000919","0008","blue chair","Furnature","Store","1","Storage","Available","2026-2027",""
"13333","0008-000920","0008","blue chair","Furnature","Store","1","Storage","Available","2026-2027",""
"13334","0008-000921","0008","blue chair","Furnature","Store","1","Storage","Available","2026-2027",""
"13335","0008-000922","0008","blue chair","Furnature","Store","1","Storage","Available","2026-2027",""
"13336","0008-000923","0008","blue chair","Furnature","Store","1","Storage","Available","2026-2027",""
"13337","0008-000924","0008","blue chair","Furnature","Store","1","Storage","Available","2026-2027",""
"13338","0008-000925","0008","blue chair","Furnature","Store","1","Storage","Available","2026-2027",""
"13339","0008-000926","0008","blue chair","Furnature","Store","1","Storage","Available","2026-2027",""
"13340","0008-000927","0008","blue chair","Furnature","Store","1","Storage","Available","2026-2027",""
"13341","0008-000928","0008","blue chair","Furnature","Store","1","Storage","Available","2026-2027",""
"13941","0008-000929","0008","blue chair","Furnature","Store","1","Storage","Available","2026-2027",""
"13942","0008-000930","0008","blue chair","Furnature","Store","1","Storage","Available","2026-2027",""
"13943","0008-000931","0008","blue chair","Furnature","Store","1","Storage","Available","2026-2027",""
"13944","0008-000932","0008","blue chair","Furnature","Store","1","Storage","Available","2026-2027",""
"13945","0008-000933","0008","blue chair","Furnature","Store","1","Storage","Available","2026-2027",""
"13946","0008-000934","0008","blue chair","Furnature","Store","1","Storage","Available","2026-2027",""
"13947","0008-000935","0008","blue chair","Furnature","Store","1","Storage","Available","2026-2027",""
"13948","0008-000936","0008","blue chair","Furnature","Store","1","Storage","Available","2026-2027",""
"13949","0008-000937","0008","blue chair","Furnature","Store","1","Storage","Available","2026-2027",""
"13950","0008-000938","0008","blue chair","Furnature","Store","1","Storage","Available","2026-2027",""
"13951","0008-000939","0008","blue chair","Furnature","Store","1","Storage","Available","2026-2027",""
"13952","0008-000940","0008","blue chair","Furnature","Store","1","Storage","Available","2026-2027",""
"13953","0008-000941","0008","blue chair","Furnature","Store","1","Storage","Available","2026-2027",""
"13954","0008-000942","0008","blue chair","Furnature","Store","1","Storage","Available","2026-2027",""
"13955","0008-000943","0008","blue chair","Furnature","Store","1","Storage","Available","2026-2027",""
"13956","0008-000944","0008","blue chair","Furnature","Store","1","Storage","Available","2026-2027",""
"13957","0008-000945","0008","blue chair","Furnature","Store","1","Storage","Available","2026-2027",""
"13958","0008-000946","0008","blue chair","Furnature","Store","1","Storage","Available","2026-2027",""
"13959","0008-000947","0008","blue chair","Furnature","Store","1","Storage","Available","2026-2027",""
"13960","0008-000948","0008","blue chair","Furnature","Store","1","Storage","Available","2026-2027",""
"13961","0008-000949","0008","blue chair","Furnature","Store","1","Storage","Available","2026-2027",""
"13962","0008-000950","0008","blue chair","Furnature","Store","1","Storage","Available","2026-2027",""
"13963","0008-000951","0008","blue chair","Furnature","Store","1","Storage","Available","2026-2027",""
"13964","0008-000952","0008","blue chair","Furnature","Store","1","Storage","Available","2026-2027",""
"13965","0008-000953","0008","blue chair","Furnature","Store","1","Storage","Available","2026-2027",""
"13966","0008-000954","0008","blue chair","Furnature","Store","1","Storage","Available","2026-2027",""
"13967","0008-000955","0008","blue chair","Furnature","Store","1","Storage","Available","2026-2027",""
"13968","0008-000956","0008","blue chair","Furnature","Store","1","Storage","Available","2026-2027",""
"13969","0008-000957","0008","blue chair","Furnature","Store","1","Storage","Available","2026-2027",""
"13970","0008-000958","0008","blue chair","Furnature","Store","1","Storage","Available","2026-2027",""
"13971","0008-000959","0008","blue chair","Furnature","Store","1","Storage","Available","2026-2027",""
"13972","0008-000960","0008","blue chair","Furnature","Store","1","Storage","Available","2026-2027",""
"13973","0008-000961","0008","blue chair","Furnature","Store","1","Storage","Available","2026-2027",""
"13974","0008-000962","0008","blue chair","Furnature","Store","1","Storage","Available","2026-2027",""
"13975","0008-000963","0008","blue chair","Furnature","Store","1","Storage","Available","2026-2027",""
"13976","0008-000964","0008","blue chair","Furnature","Store","1","Storage","Available","2026-2027",""
"13977","0008-000965","0008","blue chair","Furnature","Store","1","Storage","Available","2026-2027",""
"13978","0008-000966","0008","blue chair","Furnature","Store","1","Storage","Available","2026-2027",""
"13979","0008-000967","0008","blue chair","Furnature","Store","1","Storage","Available","2026-2027",""
"13980","0008-000968","0008","blue chair","Furnature","Store","1","Storage","Available","2026-2027",""
"13981","0008-000969","0008","blue chair","Furnature","Store","1","Storage","Available","2026-2027",""
"13982","0008-000970","0008","blue chair","Furnature","Store","1","Storage","Available","2026-2027",""
"13983","0008-000971","0008","blue chair","Furnature","Store","1","Storage","Available","2026-2027",""
"13984","0008-000972","0008","blue chair","Furnature","Store","1","Storage","Available","2026-2027",""
"13985","0008-000973","0008","blue chair","Furnature","Store","1","Storage","Available","2026-2027",""
"13986","0008-000974","0008","blue chair","Furnature","Store","1","Storage","Available","2026-2027",""
"13987","0008-000975","0008","blue chair","Furnature","Store","1","Storage","Available","2026-2027",""
"13988","0008-000976","0008","blue chair","Furnature","Store","1","Storage","Available","2026-2027",""
"13989","0008-000977","0008","blue chair","Furnature","Store","1","Storage","Available","2026-2027",""
"13990","0008-000978","0008","blue chair","Furnature","Store","1","Storage","Available","2026-2027",""
"13991","0008-000979","0008","blue chair","Furnature","Store","1","Storage","Available","2026-2027",""
"13992","0008-000980","0008","blue chair","Furnature","Store","1","Storage","Available","2026-2027",""
"13993","0008-000981","0008","blue chair","Furnature","Store","1","Storage","Available","2026-2027",""
"13994","0008-000982","0008","blue chair","Furnature","Store","1","Storage","Available","2026-2027",""
"13995","0008-000983","0008","blue chair","Furnature","Store","1","Storage","Available","2026-2027",""
"13996","0008-000984","0008","blue chair","Furnature","Store","1","Storage","Available","2026-2027",""
"13997","0008-000985","0008","blue chair","Furnature","Store","1","Storage","Available","2026-2027",""
"13998","0008-000986","0008","blue chair","Furnature","Store","1","Storage","Available","2026-2027",""
"13999","0008-000987","0008","blue chair","Furnature","Store","1","Storage","Available","2026-2027",""
"14000","0008-000988","0008","blue chair","Furnature","Store","1","Storage","Available","2026-2027",""
"14001","0008-000989","0008","blue chair","Furnature","Store","1","Storage","Available","2026-2027",""
"14002","0008-000990","0008","blue chair","Furnature","Store","1","Storage","Available","2026-2027",""
"14003","0008-000991","0008","blue chair","Furnature","Store","1","Storage","Available","2026-2027",""
"14004","0008-000992","0008","blue chair","Furnature","Store","1","Storage","Available","2026-2027",""
"14005","0008-000993","0008","blue chair","Furnature","Store","1","Storage","Available","2026-2027",""
"14006","0008-000994","0008","blue chair","Furnature","Store","1","Storage","Available","2026-2027",""
"14007","0008-000995","0008","blue chair","Furnature","Store","1","Storage","Available","2026-2027",""
"14008","0008-000996","0008","blue chair","Furnature","Store","1","Storage","Available","2026-2027",""
"14009","0008-000997","0008","blue chair","Furnature","Store","1","Storage","Available","2026-2027",""
"14010","0008-000998","0008","blue chair","Furnature","Store","1","Storage","Available","2026-2027",""
"14011","0008-000999","0008","blue chair","Furnature","Store","1","Storage","Available","2026-2027",""
"14012","0008-001000","0008","blue chair","Furnature","Store","1","Storage","Available","2026-2027",""
"14013","0008-001001","0008","blue chair","Furnature","Store","1","Storage","Available","2026-2027",""
"14014","0008-001002","0008","blue chair","Furnature","Store","1","Storage","Available","2026-2027",""
"14015","0008-001003","0008","blue chair","Furnature","Store","1","Storage","Available","2026-2027",""
"14016","0008-001004","0008","blue chair","Furnature","Store","1","Storage","Available","2026-2027",""
"14017","0008-001005","0008","blue chair","Furnature","Store","1","Storage","Available","2026-2027",""
"14018","0008-001006","0008","blue chair","Furnature","Store","1","Storage","Available","2026-2027",""
"14019","0008-001007","0008","blue chair","Furnature","Store","1","Storage","Available","2026-2027",""
"14020","0008-001008","0008","blue chair","Furnature","Store","1","Storage","Available","2026-2027",""
"14021","0008-001009","0008","blue chair","Furnature","Store","1","Storage","Available","2026-2027",""
"14022","0008-001010","0008","blue chair","Furnature","Store","1","Storage","Available","2026-2027",""
"14023","0008-001011","0008","blue chair","Furnature","Store","1","Storage","Available","2026-2027",""
"14024","0008-001012","0008","blue chair","Furnature","Store","1","Storage","Available","2026-2027",""
"14025","0008-001013","0008","blue chair","Furnature","Store","1","Storage","Available","2026-2027",""
"14026","0008-001014","0008","blue chair","Furnature","Store","1","Storage","Available","2026-2027",""
"14027","0008-001015","0008","blue chair","Furnature","Store","1","Storage","Available","2026-2027",""
"14028","0008-001016","0008","blue chair","Furnature","Store","1","Storage","Available","2026-2027",""
"14029","0008-001017","0008","blue chair","Furnature","Store","1","Storage","Available","2026-2027",""
"14030","0008-001018","0008","blue chair","Furnature","Store","1","Storage","Available","2026-2027",""
"14031","0008-001019","0008","blue chair","Furnature","Store","1","Storage","Available","2026-2027",""
"14032","0008-001020","0008","blue chair","Furnature","Store","1","Storage","Available","2026-2027",""
"14033","0008-001021","0008","blue chair","Furnature","Store","1","Storage","Available","2026-2027",""
"14034","0008-001022","0008","blue chair","Furnature","Store","1","Storage","Available","2026-2027",""
"14035","0008-001023","0008","blue chair","Furnature","Store","1","Storage","Available","2026-2027",""
"14036","0008-001024","0008","blue chair","Furnature","Store","1","Storage","Available","2026-2027",""
"14037","0008-001025","0008","blue chair","Furnature","Store","1","Storage","Available","2026-2027",""
"14038","0008-001026","0008","blue chair","Furnature","Store","1","Storage","Available","2026-2027",""
"18534","0008-001027","0008","blue chair","Furnature","Store","1","Storage","Available","2026-2027",""
"18535","0008-001028","0008","blue chair","Furnature","Store","1","Storage","Available","2026-2027",""
"18536","0008-001029","0008","blue chair","Furnature","Store","1","Storage","Available","2026-2027",""
"18537","0008-001030","0008","blue chair","Furnature","Store","1","Storage","Available","2026-2027",""
"18538","0008-001031","0008","blue chair","Furnature","Store","1","Storage","Available","2026-2027",""
"18539","0008-001032","0008","blue chair","Furnature","Store","1","Storage","Available","2026-2027",""
"18540","0008-001033","0008","blue chair","Furnature","Store","1","Storage","Available","2026-2027",""
"18541","0008-001034","0008","blue chair","Furnature","Store","1","Storage","Available","2026-2027",""
"18542","0008-001035","0008","blue chair","Furnature","Store","1","Storage","Available","2026-2027",""
"18543","0008-001036","0008","blue chair","Furnature","Store","1","Storage","Available","2026-2027",""
"18544","0008-001037","0008","blue chair","Furnature","Store","1","Storage","Available","2026-2027",""
"18545","0008-001038","0008","blue chair","Furnature","Store","1","Storage","Available","2026-2027",""
"18546","0008-001039","0008","blue chair","Furnature","Store","1","Storage","Available","2026-2027",""
"18547","0008-001040","0008","blue chair","Furnature","Store","1","Storage","Available","2026-2027",""
"18548","0008-001041","0008","blue chair","Furnature","Store","1","Storage","Available","2026-2027",""
"18549","0008-001042","0008","blue chair","Furnature","Store","1","Storage","Available","2026-2027",""
"18550","0008-001043","0008","blue chair","Furnature","Store","1","Storage","Available","2026-2027",""
"18551","0008-001044","0008","blue chair","Furnature","Store","1","Storage","Available","2026-2027",""
"18552","0008-001045","0008","blue chair","Furnature","Store","1","Storage","Available","2026-2027",""
"18553","0008-001046","0008","blue chair","Furnature","Store","1","Storage","Available","2026-2027",""
"18554","0008-001047","0008","blue chair","Furnature","Store","1","Storage","Available","2026-2027",""
"18555","0008-001048","0008","blue chair","Furnature","Store","1","Storage","Available","2026-2027",""
"18556","0008-001049","0008","blue chair","Furnature","Store","1","Storage","Available","2026-2027",""
"18557","0008-001050","0008","blue chair","Furnature","Store","1","Storage","Available","2026-2027",""
"18558","0008-001051","0008","blue chair","Furnature","Store","1","Storage","Available","2026-2027",""
"18559","0008-001052","0008","blue chair","Furnature","Store","1","Storage","Available","2026-2027",""
"18560","0008-001053","0008","blue chair","Furnature","Store","1","Storage","Available","2026-2027",""
"18561","0008-001054","0008","blue chair","Furnature","Store","1","Storage","Available","2026-2027",""
"18562","0008-001055","0008","blue chair","Furnature","Store","1","Storage","Available","2026-2027",""
"18563","0008-001056","0008","blue chair","Furnature","Store","1","Storage","Available","2026-2027",""
"18564","0008-001057","0008","blue chair","Furnature","Store","1","Storage","Available","2026-2027",""
"18565","0008-001058","0008","blue chair","Furnature","Store","1","Storage","Available","2026-2027",""
"18566","0008-001059","0008","blue chair","Furnature","Store","1","Storage","Available","2026-2027",""
"18567","0008-001060","0008","blue chair","Furnature","Store","1","Storage","Available","2026-2027",""
"18568","0008-001061","0008","blue chair","Furnature","Store","1","Storage","Available","2026-2027",""
"18569","0008-001062","0008","blue chair","Furnature","Store","1","Storage","Available","2026-2027",""
"18570","0008-001063","0008","blue chair","Furnature","Store","1","Storage","Available","2026-2027",""
"18571","0008-001064","0008","blue chair","Furnature","Store","1","Storage","Available","2026-2027",""
"18572","0008-001065","0008","blue chair","Furnature","Store","1","Storage","Available","2026-2027",""
"18573","0008-001066","0008","blue chair","Furnature","Store","1","Storage","Available","2026-2027",""
"18574","0008-001067","0008","blue chair","Furnature","Store","1","Storage","Available","2026-2027",""
"18575","0008-001068","0008","blue chair","Furnature","Store","1","Storage","Available","2026-2027",""
"18576","0008-001069","0008","blue chair","Furnature","Store","1","Storage","Available","2026-2027",""
"18577","0008-001070","0008","blue chair","Furnature","Store","1","Storage","Available","2026-2027",""
"18578","0008-001071","0008","blue chair","Furnature","Store","1","Storage","Available","2026-2027",""
"18579","0008-001072","0008","blue chair","Furnature","Store","1","Storage","Available","2026-2027",""
"18580","0008-001073","0008","blue chair","Furnature","Store","1","Storage","Available","2026-2027",""
"18581","0008-001074","0008","blue chair","Furnature","Store","1","Storage","Available","2026-2027",""
"18582","0008-001075","0008","blue chair","Furnature","Store","1","Storage","Available","2026-2027",""
"18583","0008-001076","0008","blue chair","Furnature","Store","1","Storage","Available","2026-2027",""
"18584","0008-001077","0008","blue chair","Furnature","Store","1","Storage","Available","2026-2027",""
"18585","0008-001078","0008","blue chair","Furnature","Store","1","Storage","Available","2026-2027",""
"18586","0008-001079","0008","blue chair","Furnature","Store","1","Storage","Available","2026-2027",""
"18587","0008-001080","0008","blue chair","Furnature","Store","1","Storage","Available","2026-2027",""
"18588","0008-001081","0008","blue chair","Furnature","Store","1","Storage","Available","2026-2027",""
"18589","0008-001082","0008","blue chair","Furnature","Store","1","Storage","Available","2026-2027",""
"18590","0008-001083","0008","blue chair","Furnature","Store","1","Storage","Available","2026-2027",""
"18591","0008-001084","0008","blue chair","Furnature","Store","1","Storage","Available","2026-2027",""
"18592","0008-001085","0008","blue chair","Furnature","Store","1","Storage","Available","2026-2027",""
"18593","0008-001086","0008","blue chair","Furnature","Store","1","Storage","Available","2026-2027",""
"18594","0008-001087","0008","blue chair","Furnature","Store","1","Storage","Available","2026-2027",""
"18595","0008-001088","0008","blue chair","Furnature","Store","1","Storage","Available","2026-2027",""
"18596","0008-001089","0008","blue chair","Furnature","Store","1","Storage","Available","2026-2027",""
"18597","0008-001090","0008","blue chair","Furnature","Store","1","Storage","Available","2026-2027",""
"18598","0008-001091","0008","blue chair","Furnature","Store","1","Storage","Available","2026-2027",""
"18599","0008-001092","0008","blue chair","Furnature","Store","1","Storage","Available","2026-2027",""
"18600","0008-001093","0008","blue chair","Furnature","Store","1","Storage","Available","2026-2027",""
"18601","0008-001094","0008","blue chair","Furnature","Store","1","Storage","Available","2026-2027",""
"18602","0008-001095","0008","blue chair","Furnature","Store","1","Storage","Available","2026-2027",""
"18603","0008-001096","0008","blue chair","Furnature","Store","1","Storage","Available","2026-2027",""
"18604","0008-001097","0008","blue chair","Furnature","Store","1","Storage","Available","2026-2027",""
"18605","0008-001098","0008","blue chair","Furnature","Store","1","Storage","Available","2026-2027",""
"18606","0008-001099","0008","blue chair","Furnature","Store","1","Storage","Available","2026-2027",""
"18607","0008-001100","0008","blue chair","Furnature","Store","1","Storage","Available","2026-2027",""
"18608","0008-001101","0008","blue chair","Furnature","Store","1","Storage","Available","2026-2027",""
"18609","0008-001102","0008","blue chair","Furnature","Store","1","Storage","Available","2026-2027",""
"18610","0008-001103","0008","blue chair","Furnature","Store","1","Storage","Available","2026-2027",""
"18611","0008-001104","0008","blue chair","Furnature","Store","1","Storage","Available","2026-2027",""
"18612","0008-001105","0008","blue chair","Furnature","Store","1","Storage","Available","2026-2027",""
"18613","0008-001106","0008","blue chair","Furnature","Store","1","Storage","Available","2026-2027",""
"18614","0008-001107","0008","blue chair","Furnature","Store","1","Storage","Available","2026-2027",""
"18615","0008-001108","0008","blue chair","Furnature","Store","1","Storage","Available","2026-2027",""
"18616","0008-001109","0008","blue chair","Furnature","Store","1","Storage","Available","2026-2027",""
"18617","0008-001110","0008","blue chair","Furnature","Store","1","Storage","Available","2026-2027",""
"18618","0008-001111","0008","blue chair","Furnature","Store","1","Storage","Available","2026-2027",""
"18619","0008-001112","0008","blue chair","Furnature","Store","1","Storage","Available","2026-2027",""
"18620","0008-001113","0008","blue chair","Furnature","Store","1","Storage","Available","2026-2027",""
"18621","0008-001114","0008","blue chair","Furnature","Store","1","Storage","Available","2026-2027",""
"18622","0008-001115","0008","blue chair","Furnature","Store","1","Storage","Available","2026-2027",""
"18623","0008-001116","0008","blue chair","Furnature","Store","1","Storage","Available","2026-2027",""
"18624","0008-001117","0008","blue chair","Furnature","Store","1","Storage","Available","2026-2027",""
"18625","0008-001118","0008","blue chair","Furnature","Store","1","Storage","Available","2026-2027",""
"18626","0008-001119","0008","blue chair","Furnature","Store","1","Storage","Available","2026-2027",""
"18627","0008-001120","0008","blue chair","Furnature","Store","1","Storage","Available","2026-2027",""
"18628","0008-001121","0008","blue chair","Furnature","Store","1","Storage","Available","2026-2027",""
"18629","0008-001122","0008","blue chair","Furnature","Store","1","Storage","Available","2026-2027",""
"18630","0008-001123","0008","blue chair","Furnature","Store","1","Storage","Available","2026-2027",""
"18631","0008-001124","0008","blue chair","Furnature","Store","1","Storage","Available","2026-2027",""
"18632","0008-001125","0008","blue chair","Furnature","Store","1","Storage","Available","2026-2027",""
"18633","0008-001126","0008","blue chair","Furnature","Store","1","Storage","Available","2026-2027",""
"18634","0008-001127","0008","blue chair","Furnature","Store","1","Storage","Available","2026-2027",""
"18635","0008-001128","0008","blue chair","Furnature","Store","1","Storage","Available","2026-2027",""
"18636","0008-001129","0008","blue chair","Furnature","Store","1","Storage","Available","2026-2027",""
"18637","0008-001130","0008","blue chair","Furnature","Store","1","Storage","Available","2026-2027",""
"18638","0008-001131","0008","blue chair","Furnature","Store","1","Storage","Available","2026-2027",""
"18639","0008-001132","0008","blue chair","Furnature","Store","1","Storage","Available","2026-2027",""
"18640","0008-001133","0008","blue chair","Furnature","Store","1","Storage","Available","2026-2027",""
"18641","0008-001134","0008","blue chair","Furnature","Store","1","Storage","Available","2026-2027",""
"18642","0008-001135","0008","blue chair","Furnature","Store","1","Storage","Available","2026-2027",""
"18643","0008-001136","0008","blue chair","Furnature","Store","1","Storage","Available","2026-2027",""
"18644","0008-001137","0008","blue chair","Furnature","Store","1","Storage","Available","2026-2027",""
"18645","0008-001138","0008","blue chair","Furnature","Store","1","Storage","Available","2026-2027",""
"18646","0008-001139","0008","blue chair","Furnature","Store","1","Storage","Available","2026-2027",""
"18647","0008-001140","0008","blue chair","Furnature","Store","1","Storage","Available","2026-2027",""
"18648","0008-001141","0008","blue chair","Furnature","Store","1","Storage","Available","2026-2027",""
"18649","0008-001142","0008","blue chair","Furnature","Store","1","Storage","Available","2026-2027",""
"18650","0008-001143","0008","blue chair","Furnature","Store","1","Storage","Available","2026-2027",""
"18651","0008-001144","0008","blue chair","Furnature","Store","1","Storage","Available","2026-2027",""
"18652","0008-001145","0008","blue chair","Furnature","Store","1","Storage","Available","2026-2027",""
"18653","0008-001146","0008","blue chair","Furnature","Store","1","Storage","Available","2026-2027",""
"18654","0008-001147","0008","blue chair","Furnature","Store","1","Storage","Available","2026-2027",""
"18655","0008-001148","0008","blue chair","Furnature","Store","1","Storage","Available","2026-2027",""
"18656","0008-001149","0008","blue chair","Furnature","Store","1","Storage","Available","2026-2027",""
"18657","0008-001150","0008","blue chair","Furnature","Store","1","Storage","Available","2026-2027",""
"18658","0008-001151","0008","blue chair","Furnature","Store","1","Storage","Available","2026-2027",""
"18659","0008-001152","0008","blue chair","Furnature","Store","1","Storage","Available","2026-2027",""
"18660","0008-001153","0008","blue chair","Furnature","Store","1","Storage","Available","2026-2027",""
"18661","0008-001154","0008","blue chair","Furnature","Store","1","Storage","Available","2026-2027",""
"18662","0008-001155","0008","blue chair","Furnature","Store","1","Storage","Available","2026-2027",""
"18663","0008-001156","0008","blue chair","Furnature","Store","1","Storage","Available","2026-2027",""
"18664","0008-001157","0008","blue chair","Furnature","Store","1","Storage","Available","2026-2027",""
"18665","0008-001158","0008","blue chair","Furnature","Store","1","Storage","Available","2026-2027",""
"18666","0008-001159","0008","blue chair","Furnature","Store","1","Storage","Available","2026-2027",""
"18667","0008-001160","0008","blue chair","Furnature","Store","1","Storage","Available","2026-2027",""
"18668","0008-001161","0008","blue chair","Furnature","Store","1","Storage","Available","2026-2027",""
"18669","0008-001162","0008","blue chair","Furnature","Store","1","Storage","Available","2026-2027",""
"18670","0008-001163","0008","blue chair","Furnature","Store","1","Storage","Available","2026-2027",""
"18671","0008-001164","0008","blue chair","Furnature","Store","1","Storage","Available","2026-2027",""
"18672","0008-001165","0008","blue chair","Furnature","Store","1","Storage","Available","2026-2027",""
"18673","0008-001166","0008","blue chair","Furnature","Store","1","Storage","Available","2026-2027",""
"18674","0008-001167","0008","blue chair","Furnature","Store","1","Storage","Available","2026-2027",""
"18675","0008-001168","0008","blue chair","Furnature","Store","1","Storage","Available","2026-2027",""
"18676","0008-001169","0008","blue chair","Furnature","Store","1","Storage","Available","2026-2027",""
"18677","0008-001170","0008","blue chair","Furnature","Store","1","Storage","Available","2026-2027",""
"18678","0008-001171","0008","blue chair","Furnature","Store","1","Storage","Available","2026-2027",""
"18679","0008-001172","0008","blue chair","Furnature","Store","1","Storage","Available","2026-2027",""
"18680","0008-001173","0008","blue chair","Furnature","Store","1","Storage","Available","2026-2027",""
"18681","0008-001174","0008","blue chair","Furnature","Store","1","Storage","Available","2026-2027",""
"18682","0008-001175","0008","blue chair","Furnature","Store","1","Storage","Available","2026-2027",""
"18683","0008-001176","0008","blue chair","Furnature","Store","1","Storage","Available","2026-2027",""
"18684","0008-001177","0008","blue chair","Furnature","Store","1","Storage","Available","2026-2027",""
"18685","0008-001178","0008","blue chair","Furnature","Store","1","Storage","Available","2026-2027",""
"18686","0008-001179","0008","blue chair","Furnature","Store","1","Storage","Available","2026-2027",""
"18687","0008-001180","0008","blue chair","Furnature","Store","1","Storage","Available","2026-2027",""
"18688","0008-001181","0008","blue chair","Furnature","Store","1","Storage","Available","2026-2027",""
"18689","0008-001182","0008","blue chair","Furnature","Store","1","Storage","Available","2026-2027",""
"18690","0008-001183","0008","blue chair","Furnature","Store","1","Storage","Available","2026-2027",""
"18691","0008-001184","0008","blue chair","Furnature","Store","1","Storage","Available","2026-2027",""
"18692","0008-001185","0008","blue chair","Furnature","Store","1","Storage","Available","2026-2027",""
"18693","0008-001186","0008","blue chair","Furnature","Store","1","Storage","Available","2026-2027",""
"18694","0008-001187","0008","blue chair","Furnature","Store","1","Storage","Available","2026-2027",""
"18695","0008-001188","0008","blue chair","Furnature","Store","1","Storage","Available","2026-2027",""
"18696","0008-001189","0008","blue chair","Furnature","Store","1","Storage","Available","2026-2027",""
"18697","0008-001190","0008","blue chair","Furnature","Store","1","Storage","Available","2026-2027",""
"18698","0008-001191","0008","blue chair","Furnature","Store","1","Storage","Available","2026-2027",""
"18699","0008-001192","0008","blue chair","Furnature","Store","1","Storage","Available","2026-2027",""
"18700","0008-001193","0008","blue chair","Furnature","Store","1","Storage","Available","2026-2027",""
"18701","0008-001194","0008","blue chair","Furnature","Store","1","Storage","Available","2026-2027",""
"18702","0008-001195","0008","blue chair","Furnature","Store","1","Storage","Available","2026-2027",""
"18703","0008-001196","0008","blue chair","Furnature","Store","1","Storage","Available","2026-2027",""
"18704","0008-001197","0008","blue chair","Furnature","Store","1","Storage","Available","2026-2027",""
"18705","0008-001198","0008","blue chair","Furnature","Store","1","Storage","Available","2026-2027",""
"18706","0008-001199","0008","blue chair","Furnature","Store","1","Storage","Available","2026-2027",""
"18707","0008-001200","0008","blue chair","Furnature","Store","1","Storage","Available","2026-2027",""
"18708","0008-001201","0008","blue chair","Furnature","Store","1","Storage","Available","2026-2027",""
"18709","0008-001202","0008","blue chair","Furnature","Store","1","Storage","Available","2026-2027",""
"18710","0008-001203","0008","blue chair","Furnature","Store","1","Storage","Available","2026-2027",""
"18711","0008-001204","0008","blue chair","Furnature","Store","1","Storage","Available","2026-2027",""
"18712","0008-001205","0008","blue chair","Furnature","Store","1","Storage","Available","2026-2027",""
"18713","0008-001206","0008","blue chair","Furnature","Store","1","Storage","Available","2026-2027",""
"18714","0008-001207","0008","blue chair","Furnature","Store","1","Storage","Available","2026-2027",""
"18715","0008-001208","0008","blue chair","Furnature","Store","1","Storage","Available","2026-2027",""
"18716","0008-001209","0008","blue chair","Furnature","Store","1","Storage","Available","2026-2027",""
"18717","0008-001210","0008","blue chair","Furnature","Store","1","Storage","Available","2026-2027",""
"18718","0008-001211","0008","blue chair","Furnature","Store","1","Storage","Available","2026-2027",""
"18719","0008-001212","0008","blue chair","Furnature","Store","1","Storage","Available","2026-2027",""
"18720","0008-001213","0008","blue chair","Furnature","Store","1","Storage","Available","2026-2027",""
"18721","0008-001214","0008","blue chair","Furnature","Store","1","Storage","Available","2026-2027",""
"18722","0008-001215","0008","blue chair","Furnature","Store","1","Storage","Available","2026-2027",""
"18723","0008-001216","0008","blue chair","Furnature","Store","1","Storage","Available","2026-2027",""
"18724","0008-001217","0008","blue chair","Furnature","Store","1","Storage","Available","2026-2027",""
"18725","0008-001218","0008","blue chair","Furnature","Store","1","Storage","Available","2026-2027",""
"18726","0008-001219","0008","blue chair","Furnature","Store","1","Storage","Available","2026-2027",""
"18727","0008-001220","0008","blue chair","Furnature","Store","1","Storage","Available","2026-2027",""
"18728","0008-001221","0008","blue chair","Furnature","Store","1","Storage","Available","2026-2027",""
"18729","0008-001222","0008","blue chair","Furnature","Store","1","Storage","Available","2026-2027",""
"18730","0008-001223","0008","blue chair","Furnature","Store","1","Storage","Available","2026-2027",""
"18731","0008-001224","0008","blue chair","Furnature","Store","1","Storage","Available","2026-2027",""
"18732","0008-001225","0008","blue chair","Furnature","Store","1","Storage","Available","2026-2027",""
"18733","0008-001226","0008","blue chair","Furnature","Store","1","Storage","Available","2026-2027",""
"18734","0008-001227","0008","blue chair","Furnature","Store","1","Storage","Available","2026-2027",""
"18735","0008-001228","0008","blue chair","Furnature","Store","1","Storage","Available","2026-2027",""
"18736","0008-001229","0008","blue chair","Furnature","Store","1","Storage","Available","2026-2027",""
"18737","0008-001230","0008","blue chair","Furnature","Store","1","Storage","Available","2026-2027",""
"18738","0008-001231","0008","blue chair","Furnature","Store","1","Storage","Available","2026-2027",""
"18739","0008-001232","0008","blue chair","Furnature","Store","1","Storage","Available","2026-2027",""
"18740","0008-001233","0008","blue chair","Furnature","Store","1","Storage","Available","2026-2027",""
"18741","0008-001234","0008","blue chair","Furnature","Store","1","Storage","Available","2026-2027",""
"18742","0008-001235","0008","blue chair","Furnature","Store","1","Storage","Available","2026-2027",""
"18743","0008-001236","0008","blue chair","Furnature","Store","1","Storage","Available","2026-2027",""
"18744","0008-001237","0008","blue chair","Furnature","Store","1","Storage","Available","2026-2027",""
"18745","0008-001238","0008","blue chair","Furnature","Store","1","Storage","Available","2026-2027",""
"18746","0008-001239","0008","blue chair","Furnature","Store","1","Storage","Available","2026-2027",""
"18747","0008-001240","0008","blue chair","Furnature","Store","1","Storage","Available","2026-2027",""
"18748","0008-001241","0008","blue chair","Furnature","Store","1","Storage","Available","2026-2027",""
"18749","0008-001242","0008","blue chair","Furnature","Store","1","Storage","Available","2026-2027",""
"18750","0008-001243","0008","blue chair","Furnature","Store","1","Storage","Available","2026-2027",""
"18751","0008-001244","0008","blue chair","Furnature","Store","1","Storage","Available","2026-2027",""
"18752","0008-001245","0008","blue chair","Furnature","Store","1","Storage","Available","2026-2027",""
"18753","0008-001246","0008","blue chair","Furnature","Store","1","Storage","Available","2026-2027",""
"18754","0008-001247","0008","blue chair","Furnature","Store","1","Storage","Available","2026-2027",""
"18755","0008-001248","0008","blue chair","Furnature","Store","1","Storage","Available","2026-2027",""
"18756","0008-001249","0008","blue chair","Furnature","Store","1","Storage","Available","2026-2027",""
"18757","0008-001250","0008","blue chair","Furnature","Store","1","Storage","Available","2026-2027",""
"18758","0008-001251","0008","blue chair","Furnature","Store","1","Storage","Available","2026-2027",""
"18759","0008-001252","0008","blue chair","Furnature","Store","1","Storage","Available","2026-2027",""
"18760","0008-001253","0008","blue chair","Furnature","Store","1","Storage","Available","2026-2027",""
"18761","0008-001254","0008","blue chair","Furnature","Store","1","Storage","Available","2026-2027",""
"18762","0008-001255","0008","blue chair","Furnature","Store","1","Storage","Available","2026-2027",""
"18763","0008-001256","0008","blue chair","Furnature","Store","1","Storage","Available","2026-2027",""
"18764","0008-001257","0008","blue chair","Furnature","Store","1","Storage","Available","2026-2027",""
"18765","0008-001258","0008","blue chair","Furnature","Store","1","Storage","Available","2026-2027",""
"18766","0008-001259","0008","blue chair","Furnature","Store","1","Storage","Available","2026-2027",""
"18767","0008-001260","0008","blue chair","Furnature","Store","1","Storage","Available","2026-2027",""
"18768","0008-001261","0008","blue chair","Furnature","Store","1","Storage","Available","2026-2027",""
"18769","0008-001262","0008","blue chair","Furnature","Store","1","Storage","Available","2026-2027",""
"18770","0008-001263","0008","blue chair","Furnature","Store","1","Storage","Available","2026-2027",""
"18771","0008-001264","0008","blue chair","Furnature","Store","1","Storage","Available","2026-2027",""
"18772","0008-001265","0008","blue chair","Furnature","Store","1","Storage","Available","2026-2027",""
"18773","0008-001266","0008","blue chair","Furnature","Store","1","Storage","Available","2026-2027",""
"18774","0008-001267","0008","blue chair","Furnature","Store","1","Storage","Available","2026-2027",""
"18775","0008-001268","0008","blue chair","Furnature","Store","1","Storage","Available","2026-2027",""
"18776","0008-001269","0008","blue chair","Furnature","Store","1","Storage","Available","2026-2027",""
"18777","0008-001270","0008","blue chair","Furnature","Store","1","Storage","Available","2026-2027",""
"18778","0008-001271","0008","blue chair","Furnature","Store","1","Storage","Available","2026-2027",""
"18779","0008-001272","0008","blue chair","Furnature","Store","1","Storage","Available","2026-2027",""
"18780","0008-001273","0008","blue chair","Furnature","Store","1","Storage","Available","2026-2027",""
"18781","0008-001274","0008","blue chair","Furnature","Store","1","Storage","Available","2026-2027",""
"18782","0008-001275","0008","blue chair","Furnature","Store","1","Storage","Available","2026-2027",""
"18783","0008-001276","0008","blue chair","Furnature","Store","1","Storage","Available","2026-2027",""
"18784","0008-001277","0008","blue chair","Furnature","Store","1","Storage","Available","2026-2027",""
"18785","0008-001278","0008","blue chair","Furnature","Store","1","Storage","Available","2026-2027",""
"18786","0008-001279","0008","blue chair","Furnature","Store","1","Storage","Available","2026-2027",""
"18787","0008-001280","0008","blue chair","Furnature","Store","1","Storage","Available","2026-2027",""
"18788","0008-001281","0008","blue chair","Furnature","Store","1","Storage","Available","2026-2027",""
"18789","0008-001282","0008","blue chair","Furnature","Store","1","Storage","Available","2026-2027",""
"18790","0008-001283","0008","blue chair","Furnature","Store","1","Storage","Available","2026-2027",""
"18791","0008-001284","0008","blue chair","Furnature","Store","1","Storage","Available","2026-2027",""
"18792","0008-001285","0008","blue chair","Furnature","Store","1","Storage","Available","2026-2027",""
"18793","0008-001286","0008","blue chair","Furnature","Store","1","Storage","Available","2026-2027",""
"18794","0008-001287","0008","blue chair","Furnature","Store","1","Storage","Available","2026-2027",""
"18795","0008-001288","0008","blue chair","Furnature","Store","1","Storage","Available","2026-2027",""
"18796","0008-001289","0008","blue chair","Furnature","Store","1","Storage","Available","2026-2027",""
"18797","0008-001290","0008","blue chair","Furnature","Store","1","Storage","Available","2026-2027",""
"18798","0008-001291","0008","blue chair","Furnature","Store","1","Storage","Available","2026-2027",""
"18799","0008-001292","0008","blue chair","Furnature","Store","1","Storage","Available","2026-2027",""
"18800","0008-001293","0008","blue chair","Furnature","Store","1","Storage","Available","2026-2027",""
"18801","0008-001294","0008","blue chair","Furnature","Store","1","Storage","Available","2026-2027",""
"18802","0008-001295","0008","blue chair","Furnature","Store","1","Storage","Available","2026-2027",""
"18803","0008-001296","0008","blue chair","Furnature","Store","1","Storage","Available","2026-2027",""
"18804","0008-001297","0008","blue chair","Furnature","Store","1","Storage","Available","2026-2027",""
"18805","0008-001298","0008","blue chair","Furnature","Store","1","Storage","Available","2026-2027",""
"18806","0008-001299","0008","blue chair","Furnature","Store","1","Storage","Available","2026-2027",""
"18807","0008-001300","0008","blue chair","Furnature","Store","1","Storage","Available","2026-2027",""
"18808","0008-001301","0008","blue chair","Furnature","Store","1","Storage","Available","2026-2027",""
"18809","0008-001302","0008","blue chair","Furnature","Store","1","Storage","Available","2026-2027",""
"18810","0008-001303","0008","blue chair","Furnature","Store","1","Storage","Available","2026-2027",""
"18811","0008-001304","0008","blue chair","Furnature","Store","1","Storage","Available","2026-2027",""
"18812","0008-001305","0008","blue chair","Furnature","Store","1","Storage","Available","2026-2027",""
"18813","0008-001306","0008","blue chair","Furnature","Store","1","Storage","Available","2026-2027",""
"18814","0008-001307","0008","blue chair","Furnature","Store","1","Storage","Available","2026-2027",""
"18815","0008-001308","0008","blue chair","Furnature","Store","1","Storage","Available","2026-2027",""
"18816","0008-001309","0008","blue chair","Furnature","Store","1","Storage","Available","2026-2027",""
"18817","0008-001310","0008","blue chair","Furnature","Store","1","Storage","Available","2026-2027",""
"18818","0008-001311","0008","blue chair","Furnature","Store","1","Storage","Available","2026-2027",""
"18819","0008-001312","0008","blue chair","Furnature","Store","1","Storage","Available","2026-2027",""
"18820","0008-001313","0008","blue chair","Furnature","Store","1","Storage","Available","2026-2027",""
"18821","0008-001314","0008","blue chair","Furnature","Store","1","Storage","Available","2026-2027",""
"18822","0008-001315","0008","blue chair","Furnature","Store","1","Storage","Available","2026-2027",""
"18823","0008-001316","0008","blue chair","Furnature","Store","1","Storage","Available","2026-2027",""
"18824","0008-001317","0008","blue chair","Furnature","Store","1","Storage","Available","2026-2027",""
"18825","0008-001318","0008","blue chair","Furnature","Store","1","Storage","Available","2026-2027",""
"18826","0008-001319","0008","blue chair","Furnature","Store","1","Storage","Available","2026-2027",""
"18827","0008-001320","0008","blue chair","Furnature","Store","1","Storage","Available","2026-2027",""
"18828","0008-001321","0008","blue chair","Furnature","Store","1","Storage","Available","2026-2027",""
"18829","0008-001322","0008","blue chair","Furnature","Store","1","Storage","Available","2026-2027",""
"18830","0008-001323","0008","blue chair","Furnature","Store","1","Storage","Available","2026-2027",""
"18831","0008-001324","0008","blue chair","Furnature","Store","1","Storage","Available","2026-2027",""
"18832","0008-001325","0008","blue chair","Furnature","Store","1","Storage","Available","2026-2027",""
"18833","0008-001326","0008","blue chair","Furnature","Store","1","Storage","Available","2026-2027",""
"82","0009-000001","0009","HP laptop","Laptop","Faculty of Information Science(FIS)","2","201","Available","2025-2026",""
"83","0009-000002","0009","HP laptop","Laptop","Store","1","Storage","In Use","2025-2026","12:approved"
"84","0009-000003","0009","HP laptop","Laptop","Faculty of Information Science(FIS)","2","201","Available","2025-2026",""
"85","0009-000004","0009","HP laptop","Laptop","Faculty of Information Science(FIS)","2","201","Available","2025-2026",""
"86","0009-000005","0009","HP laptop","Laptop","Faculty of Information Science(FIS)","2","201","Available","2025-2026",""
"87","0009-000006","0009","HP laptop","Laptop","Faculty of Information Science(FIS)","2","201","Available","2025-2026",""
"88","0009-000007","0009","HP laptop","Laptop","Faculty of Computer Science(FCS)","3","202","Available","2025-2026",""
"89","0009-000008","0009","HP laptop","Laptop","Faculty of Computer Science(FCS)","3","202","Available","2025-2026",""
"90","0009-000009","0009","HP laptop","Laptop","Faculty of Computer Science(FCS)","3","202","Available","2025-2026",""
"91","0009-000010","0009","HP laptop","Laptop","Faculty of Computer Science(FCS)","3","202","Available","2025-2026",""
"92","0009-000011","0009","HP laptop","Laptop","Faculty of Computer Science(FCS)","3","202","Available","2025-2026",""
"93","0009-000012","0009","HP laptop","Laptop","Faculty of Computing(FC)","4","301","Available","2025-2026",""
"94","0009-000013","0009","HP laptop","Laptop","Faculty of Computing(FC)","4","301","Available","2025-2026",""
"95","0009-000014","0009","HP laptop","Laptop","Faculty of Computing(FC)","4","301","Available","2025-2026",""
"96","0009-000015","0009","HP laptop","Laptop","Faculty of Computing(FC)","4","301","Available","2025-2026",""
"97","0009-000016","0009","HP laptop","Laptop","Faculty of Computing(FC)","4","301","Available","2025-2026",""
"98","0009-000017","0009","HP laptop","Laptop","Faculty of Computer Systems and Technology(FCST)","5","302","Available","2025-2026",""
"99","0009-000018","0009","HP laptop","Laptop","Faculty of Computer Systems and Technology(FCST)","5","302","Available","2025-2026",""
"100","0009-000019","0009","HP laptop","Laptop","Faculty of Computer Systems and Technology(FCST)","5","302","Available","2025-2026",""
"101","0009-000020","0009","HP laptop","Laptop","Faculty of Computer Systems and Technology(FCST)","5","302","Available","2025-2026",""
"102","0009-000021","0009","HP laptop","Laptop","Faculty of Computer Systems and Technology(FCST)","5","302","Available","2025-2026",""
"103","0009-000022","0009","HP laptop","Laptop","Department of English","6","203","Available","2025-2026",""
"104","0009-000023","0009","HP laptop","Laptop","Department of English","6","203","Available","2025-2026",""
"105","0009-000024","0009","HP laptop","Laptop","Department of Natural Science(NS)","7","205","Available","2025-2026",""
"106","0009-000025","0009","HP laptop","Laptop","Department of Natural Science(NS)","7","205","Available","2025-2026",""
"107","0009-000026","0009","HP laptop","Laptop","Information Technology Supporting and Maintainance(ITSM)","8","102","Available","2025-2026",""
"108","0009-000027","0009","HP laptop","Laptop","Information Technology Supporting and Maintainance(ITSM)","8","102","Available","2025-2026",""
"109","0009-000028","0009","HP laptop","Laptop","Information Technology Supporting and Maintainance(ITSM)","8","102","Available","2025-2026",""
"110","0009-000029","0009","HP laptop","Laptop","Library","9","303","Available","2025-2026",""
"111","0009-000030","0009","HP laptop","Laptop","Library","9","303","Available","2025-2026",""
"112","0009-000031","0009","HP laptop","Laptop","Department of Student Affair","10","300","Available","2025-2026",""
"113","0009-000032","0009","HP laptop","Laptop","Department of Student Affair","10","300","Available","2025-2026",""
"114","0009-000033","0009","HP laptop","Laptop","Clinic","11","304","Available","2025-2026",""
"115","0009-000034","0009","HP laptop","Laptop","Data Center","12","100","Available","2025-2026",""
"116","0009-000035","0009","HP laptop","Laptop","Data Center","12","100","Available","2025-2026",""
"117","0009-000036","0009","HP laptop","Laptop","Store","1","Storage","Available","2025-2026",""
"118","0009-000037","0009","HP laptop","Laptop","Store","1","Storage","Available","2025-2026",""
"119","0009-000038","0009","HP laptop","Laptop","Store","1","Storage","Available","2025-2026",""
"120","0009-000039","0009","HP laptop","Laptop","Store","1","Storage","Available","2025-2026",""
"121","0009-000040","0009","HP laptop","Laptop","Store","1","Storage","Available","2025-2026",""
"122","0009-000041","0009","HP laptop","Laptop","Store","1","Storage","Available","2025-2026",""
"123","0009-000042","0009","HP laptop","Laptop","Store","1","Storage","Available","2025-2026",""
"124","0009-000043","0009","HP laptop","Laptop","Store","1","Storage","Available","2025-2026",""
"125","0009-000044","0009","HP laptop","Laptop","Store","1","Storage","Available","2025-2026",""
"126","0009-000045","0009","HP laptop","Laptop","Store","1","Storage","Available","2025-2026",""
"127","0009-000046","0009","HP laptop","Laptop","Store","1","Storage","Available","2025-2026",""
"128","0009-000047","0009","HP laptop","Laptop","Store","1","Storage","Available","2025-2026",""
"129","0009-000048","0009","HP laptop","Laptop","Store","1","Storage","Available","2025-2026",""
"130","0009-000049","0009","HP laptop","Laptop","Store","1","Storage","Available","2025-2026",""
"131","0009-000050","0009","HP laptop","Laptop","Store","1","Storage","Available","2025-2026",""
"132","0009-000051","0009","HP laptop","Laptop","Store","1","Storage","Available","2025-2026",""
"133","0009-000052","0009","HP laptop","Laptop","Store","1","Storage","Available","2025-2026",""
"134","0009-000053","0009","HP laptop","Laptop","Store","1","Storage","Available","2025-2026",""
"135","0009-000054","0009","HP laptop","Laptop","Store","1","Storage","Available","2025-2026",""
"136","0009-000055","0009","HP laptop","Laptop","Store","1","Storage","Available","2025-2026",""
"137","0009-000056","0009","HP laptop","Laptop","Store","1","Storage","Available","2025-2026",""
"138","0009-000057","0009","HP laptop","Laptop","Store","1","Storage","Available","2025-2026",""
"139","0009-000058","0009","HP laptop","Laptop","Store","1","Storage","Available","2025-2026",""
"140","0009-000059","0009","HP laptop","Laptop","Store","1","Storage","Available","2025-2026",""
"141","0009-000060","0009","HP laptop","Laptop","Store","1","Storage","Available","2025-2026",""
"142","0009-000061","0009","HP laptop","Laptop","Store","1","Storage","Available","2025-2026",""
"143","0009-000062","0009","HP laptop","Laptop","Store","1","Storage","Available","2025-2026",""
"144","0009-000063","0009","HP laptop","Laptop","Store","1","Storage","Available","2025-2026",""
"145","0009-000064","0009","HP laptop","Laptop","Store","1","Storage","Available","2025-2026",""
"146","0009-000065","0009","HP laptop","Laptop","Store","1","Storage","Available","2025-2026",""
"147","0009-000066","0009","HP laptop","Laptop","Store","1","Storage","Available","2025-2026",""
"148","0009-000067","0009","HP laptop","Laptop","Store","1","Storage","Available","2025-2026",""
"149","0009-000068","0009","HP laptop","Laptop","Store","1","Storage","Available","2025-2026",""
"150","0009-000069","0009","HP laptop","Laptop","Store","1","Storage","Available","2025-2026",""
"151","0009-000070","0009","HP laptop","Laptop","Store","1","Storage","Available","2025-2026",""
"152","0009-000071","0009","HP laptop","Laptop","Store","1","Storage","Available","2025-2026",""
"153","0009-000072","0009","HP laptop","Laptop","Store","1","Storage","Available","2025-2026",""
"154","0009-000073","0009","HP laptop","Laptop","Store","1","Storage","Available","2025-2026",""
"155","0009-000074","0009","HP laptop","Laptop","Store","1","Storage","Available","2025-2026",""
"156","0009-000075","0009","HP laptop","Laptop","Store","1","Storage","Available","2025-2026",""
"157","0009-000076","0009","HP laptop","Laptop","Store","1","Storage","Available","2025-2026",""
"158","0009-000077","0009","HP laptop","Laptop","Store","1","Storage","Available","2025-2026",""
"159","0009-000078","0009","HP laptop","Laptop","Store","1","Storage","Available","2025-2026",""
"160","0009-000079","0009","HP laptop","Laptop","Store","1","Storage","Available","2025-2026",""
"161","0009-000080","0009","HP laptop","Laptop","Store","1","Storage","Available","2025-2026",""
"162","0009-000081","0009","HP laptop","Laptop","Store","1","Storage","Available","2025-2026",""
"163","0009-000082","0009","HP laptop","Laptop","Store","1","Storage","Available","2025-2026",""
"164","0009-000083","0009","HP laptop","Laptop","Store","1","Storage","Available","2025-2026",""
"165","0009-000084","0009","HP laptop","Laptop","Store","1","Storage","Available","2025-2026",""
"166","0009-000085","0009","HP laptop","Laptop","Store","1","Storage","Available","2025-2026",""
"167","0009-000086","0009","HP laptop","Laptop","Store","1","Storage","Available","2025-2026",""
"168","0009-000087","0009","HP laptop","Laptop","Store","1","Storage","Available","2025-2026",""
"169","0009-000088","0009","HP laptop","Laptop","Store","1","Storage","Available","2025-2026",""
"170","0009-000089","0009","HP laptop","Laptop","Store","1","Storage","Available","2025-2026",""
"171","0009-000090","0009","HP laptop","Laptop","Store","1","Storage","Available","2025-2026",""
"172","0009-000091","0009","HP laptop","Laptop","Store","1","Storage","Available","2025-2026",""
"173","0009-000092","0009","HP laptop","Laptop","Store","1","Storage","Available","2025-2026",""
"174","0009-000093","0009","HP laptop","Laptop","Store","1","Storage","Available","2025-2026",""
"175","0009-000094","0009","HP laptop","Laptop","Store","1","Storage","Available","2025-2026",""
"176","0009-000095","0009","HP laptop","Laptop","Store","1","Storage","Available","2025-2026",""
"177","0009-000096","0009","HP laptop","Laptop","Store","1","Storage","Available","2025-2026",""
"178","0009-000097","0009","HP laptop","Laptop","Store","1","Storage","Available","2025-2026",""
"179","0009-000098","0009","HP laptop","Laptop","Store","1","Storage","Available","2025-2026",""
"180","0009-000099","0009","HP laptop","Laptop","Store","1","Storage","Available","2025-2026",""
"181","0009-000100","0009","HP laptop","Laptop","Store","1","Storage","Available","2025-2026",""
"182","0010-000001","0010","Blue Plastic Visitor Chair","Furnature","Faculty of Information Science(FIS)","2","201","Available","2022-2023",""
"183","0010-000002","0010","Blue Plastic Visitor Chair","Furnature","Faculty of Information Science(FIS)","2","201","Available","2022-2023",""
"184","0010-000003","0010","Blue Plastic Visitor Chair","Furnature","Faculty of Computer Science(FCS)","3","202","Available","2022-2023",""
"185","0010-000004","0010","Blue Plastic Visitor Chair","Furnature","Faculty of Computer Science(FCS)","3","202","Available","2022-2023",""
"186","0010-000005","0010","Blue Plastic Visitor Chair","Furnature","Department of English","6","203","Available","2022-2023",""
"187","0010-000006","0010","Blue Plastic Visitor Chair","Furnature","Department of English","6","203","Available","2022-2023",""
"188","0010-000007","0010","Blue Plastic Visitor Chair","Furnature","Department of English","6","203","Available","2022-2023",""
"189","0010-000008","0010","Blue Plastic Visitor Chair","Furnature","Department of Natural Science(NS)","7","205","Available","2022-2023",""
"190","0010-000009","0010","Blue Plastic Visitor Chair","Furnature","Faculty of Computing(FC)","4","301","Available","2022-2023",""
"191","0010-000010","0010","Blue Plastic Visitor Chair","Furnature","Faculty of Computing(FC)","4","301","Available","2022-2023",""
"192","0010-000011","0010","Blue Plastic Visitor Chair","Furnature","Department of Natural Science(NS)","7","205","Available","2022-2023",""
"193","0010-000012","0010","Blue Plastic Visitor Chair","Furnature","Faculty of Computer Systems and Technology(FCST)","5","302","Available","2022-2023",""
"194","0010-000013","0010","Blue Plastic Visitor Chair","Furnature","Faculty of Computer Systems and Technology(FCST)","5","302","Available","2022-2023",""
"195","0010-000014","0010","Blue Plastic Visitor Chair","Furnature","Department of English","6","203","Available","2022-2023",""
"196","0010-000015","0010","Blue Plastic Visitor Chair","Furnature","Department of Natural Science(NS)","7","205","Available","2022-2023",""
"3994","0010-000116","0010","Blue Plastic Visitor Chair","Furnature","Department of Natural Science(NS)","7","205","Available","2015-2016",""
"3995","0010-000117","0010","Blue Plastic Visitor Chair","Furnature","Information Technology Supporting and Maintainance(ITSM)","8","102","Available","2015-2016",""
"3996","0010-000118","0010","Blue Plastic Visitor Chair","Furnature","Information Technology Supporting and Maintainance(ITSM)","8","102","Available","2015-2016",""
"3997","0010-000119","0010","Blue Plastic Visitor Chair","Furnature","Library","9","303","Available","2015-2016",""
"3998","0010-000120","0010","Blue Plastic Visitor Chair","Furnature","Library","9","303","Available","2015-2016",""
"4014","0010-000136","0010","Blue Plastic Visitor Chair","Furnature","Department of Student Affair","10","300","Available","2016-2017",""
"4015","0010-000137","0010","Blue Plastic Visitor Chair","Furnature","Department of Student Affair","10","300","Available","2016-2017",""
"4016","0010-000138","0010","Blue Plastic Visitor Chair","Furnature","Department of Student Affair","10","300","Available","2016-2017",""
"4017","0010-000139","0010","Blue Plastic Visitor Chair","Furnature","Department of Student Affair","10","300","Available","2016-2017",""
"4018","0010-000140","0010","Blue Plastic Visitor Chair","Furnature","Department of Student Affair","10","300","Available","2016-2017",""
"4034","0010-000156","0010","Blue Plastic Visitor Chair","Furnature","Department of Student Affair","10","300","Available","2017-2018",""
"4035","0010-000157","0010","Blue Plastic Visitor Chair","Furnature","Clinic","11","304","Available","2017-2018",""
"4036","0010-000158","0010","Blue Plastic Visitor Chair","Furnature","Clinic","11","304","Available","2017-2018",""
"4037","0010-000159","0010","Blue Plastic Visitor Chair","Furnature","Clinic","11","304","Available","2017-2018",""
"4038","0010-000160","0010","Blue Plastic Visitor Chair","Furnature","Clinic","11","304","Available","2017-2018",""
"4054","0010-000176","0010","Blue Plastic Visitor Chair","Furnature","Clinic","11","304","Available","2018-2019",""
"4055","0010-000177","0010","Blue Plastic Visitor Chair","Furnature","Clinic","11","304","Available","2018-2019",""
"4056","0010-000178","0010","Blue Plastic Visitor Chair","Furnature","Store","1","Storage","Available","2018-2019",""
"4057","0010-000179","0010","Blue Plastic Visitor Chair","Furnature","Store","1","Storage","Available","2018-2019",""
"4058","0010-000180","0010","Blue Plastic Visitor Chair","Furnature","Store","1","Storage","Available","2018-2019",""
"4074","0010-000196","0010","Blue Plastic Visitor Chair","Furnature","Store","1","Storage","Available","2019-2020",""
"4075","0010-000197","0010","Blue Plastic Visitor Chair","Furnature","Store","1","Storage","Available","2019-2020",""
"4076","0010-000198","0010","Blue Plastic Visitor Chair","Furnature","Store","1","Storage","Available","2019-2020",""
"4077","0010-000199","0010","Blue Plastic Visitor Chair","Furnature","Store","1","Storage","Available","2019-2020",""
"4078","0010-000200","0010","Blue Plastic Visitor Chair","Furnature","Store","1","Storage","Available","2019-2020",""
"4094","0010-000216","0010","Blue Plastic Visitor Chair","Furnature","Store","1","Storage","Available","2020-2021",""
"4095","0010-000217","0010","Blue Plastic Visitor Chair","Furnature","Store","1","Storage","Available","2020-2021",""
"4096","0010-000218","0010","Blue Plastic Visitor Chair","Furnature","Store","1","Storage","Available","2020-2021",""
"4097","0010-000219","0010","Blue Plastic Visitor Chair","Furnature","Store","1","Storage","Available","2020-2021",""
"4098","0010-000220","0010","Blue Plastic Visitor Chair","Furnature","Store","1","Storage","Available","2020-2021",""
"4114","0010-000236","0010","Blue Plastic Visitor Chair","Furnature","Store","1","Storage","Available","2021-2022",""
"4115","0010-000237","0010","Blue Plastic Visitor Chair","Furnature","Store","1","Storage","Available","2021-2022",""
"4116","0010-000238","0010","Blue Plastic Visitor Chair","Furnature","Store","1","Storage","Available","2021-2022",""
"4117","0010-000239","0010","Blue Plastic Visitor Chair","Furnature","Store","1","Storage","Available","2021-2022",""
"4118","0010-000240","0010","Blue Plastic Visitor Chair","Furnature","Store","1","Storage","Available","2021-2022",""
"4134","0010-000256","0010","Blue Plastic Visitor Chair","Furnature","Store","1","Storage","Available","2022-2023",""
"4135","0010-000257","0010","Blue Plastic Visitor Chair","Furnature","Store","1","Storage","Available","2022-2023",""
"4136","0010-000258","0010","Blue Plastic Visitor Chair","Furnature","Store","1","Storage","Available","2022-2023",""
"4137","0010-000259","0010","Blue Plastic Visitor Chair","Furnature","Store","1","Storage","Available","2022-2023",""
"4138","0010-000260","0010","Blue Plastic Visitor Chair","Furnature","Store","1","Storage","Available","2022-2023",""
"4154","0010-000276","0010","Blue Plastic Visitor Chair","Furnature","Store","1","Storage","Available","2023-2024",""
"4155","0010-000277","0010","Blue Plastic Visitor Chair","Furnature","Store","1","Storage","Available","2023-2024",""
"4156","0010-000278","0010","Blue Plastic Visitor Chair","Furnature","Store","1","Storage","Available","2023-2024",""
"4157","0010-000279","0010","Blue Plastic Visitor Chair","Furnature","Store","1","Storage","Available","2023-2024",""
"4158","0010-000280","0010","Blue Plastic Visitor Chair","Furnature","Store","1","Storage","Available","2023-2024",""
"4174","0010-000296","0010","Blue Plastic Visitor Chair","Furnature","Store","1","Storage","Available","2024-2025",""
"4175","0010-000297","0010","Blue Plastic Visitor Chair","Furnature","Store","1","Storage","Available","2024-2025",""
"4176","0010-000298","0010","Blue Plastic Visitor Chair","Furnature","Store","1","Storage","Available","2024-2025",""
"4177","0010-000299","0010","Blue Plastic Visitor Chair","Furnature","Store","1","Storage","Available","2024-2025",""
"4178","0010-000300","0010","Blue Plastic Visitor Chair","Furnature","Store","1","Storage","Available","2024-2025",""
"4194","0010-000316","0010","Blue Plastic Visitor Chair","Furnature","Store","1","Storage","Available","2025-2026",""
"4195","0010-000317","0010","Blue Plastic Visitor Chair","Furnature","Store","1","Storage","Available","2025-2026",""
"4196","0010-000318","0010","Blue Plastic Visitor Chair","Furnature","Store","1","Storage","Available","2025-2026",""
"4197","0010-000319","0010","Blue Plastic Visitor Chair","Furnature","Store","1","Storage","Available","2025-2026",""
"4198","0010-000320","0010","Blue Plastic Visitor Chair","Furnature","Store","1","Storage","Available","2025-2026",""
"4214","0010-000336","0010","Blue Plastic Visitor Chair","Furnature","Store","1","Storage","Available","2026-2027",""
"4215","0010-000337","0010","Blue Plastic Visitor Chair","Furnature","Store","1","Storage","Available","2026-2027",""
"4216","0010-000338","0010","Blue Plastic Visitor Chair","Furnature","Store","1","Storage","Available","2026-2027",""
"4217","0010-000339","0010","Blue Plastic Visitor Chair","Furnature","Store","1","Storage","Available","2026-2027",""
"4218","0010-000340","0010","Blue Plastic Visitor Chair","Furnature","Store","1","Storage","Available","2026-2027",""
"197","0011-000001","0011","Blue Swivel Office Chair","Furnature","Faculty of Information Science(FIS)","2","201","Available","2022-2023",""
"198","0011-000002","0011","Blue Swivel Office Chair","Furnature","Faculty of Information Science(FIS)","2","201","Available","2022-2023",""
"199","0011-000003","0011","Blue Swivel Office Chair","Furnature","Classroom","14","204","Available","2022-2023",""
"200","0011-000004","0011","Blue Swivel Office Chair","Furnature","Faculty of Computer Science(FCS)","3","202","Available","2022-2023",""
"201","0011-000005","0011","Blue Swivel Office Chair","Furnature","Classroom","13","211","Available","2022-2023",""
"202","0011-000006","0011","Blue Swivel Office Chair","Furnature","Data Center","12","100","Available","2022-2023",""
"203","0011-000007","0011","Blue Swivel Office Chair","Furnature","Data Center","12","100","Available","2022-2023",""
"204","0011-000008","0011","Blue Swivel Office Chair","Furnature","Clinic","11","304","Available","2022-2023",""
"205","0011-000009","0011","Blue Swivel Office Chair","Furnature","Clinic","11","304","Available","2022-2023",""
"206","0011-000010","0011","Blue Swivel Office Chair","Furnature","Clinic","11","304","Available","2022-2023",""
"207","0011-000011","0011","Blue Swivel Office Chair","Furnature","Department of Student Affair","10","300","Available","2022-2023",""
"208","0011-000012","0011","Blue Swivel Office Chair","Furnature","Department of Student Affair","10","300","Available","2022-2023",""
"209","0011-000013","0011","Blue Swivel Office Chair","Furnature","Department of Student Affair","10","300","Available","2022-2023",""
"210","0011-000014","0011","Blue Swivel Office Chair","Furnature","Library","9","303","Available","2022-2023",""
"211","0011-000015","0011","Blue Swivel Office Chair","Furnature","Library","9","303","Available","2022-2023",""
"212","0011-000016","0011","Blue Swivel Office Chair","Furnature","Library","9","303","Available","2022-2023",""
"213","0011-000017","0011","Blue Swivel Office Chair","Furnature","Information Technology Supporting and Maintainance(ITSM)","8","102","Available","2022-2023",""
"214","0011-000018","0011","Blue Swivel Office Chair","Furnature","Information Technology Supporting and Maintainance(ITSM)","8","102","Available","2022-2023",""
"215","0011-000019","0011","Blue Swivel Office Chair","Furnature","Department of Natural Science(NS)","7","205","Available","2022-2023",""
"216","0011-000020","0011","Blue Swivel Office Chair","Furnature","Faculty of Computer Science(FCS)","3","202","Available","2022-2023",""
"4234","0011-000121","0011","Blue Swivel Office Chair","Furnature","Faculty of Computing(FC)","4","301","Available","2015-2016",""
"4235","0011-000122","0011","Blue Swivel Office Chair","Furnature","Faculty of Computing(FC)","4","301","Available","2015-2016",""
"4236","0011-000123","0011","Blue Swivel Office Chair","Furnature","Faculty of Computer Systems and Technology(FCST)","5","302","Available","2015-2016",""
"4237","0011-000124","0011","Blue Swivel Office Chair","Furnature","Faculty of Computer Systems and Technology(FCST)","5","302","Available","2015-2016",""
"4238","0011-000125","0011","Blue Swivel Office Chair","Furnature","Department of English","6","203","Available","2015-2016",""
"4254","0011-000141","0011","Blue Swivel Office Chair","Furnature","Department of English","6","203","Available","2016-2017",""
"4255","0011-000142","0011","Blue Swivel Office Chair","Furnature","Department of Natural Science(NS)","7","205","Available","2016-2017",""
"4256","0011-000143","0011","Blue Swivel Office Chair","Furnature","Store","1","Storage","Available","2016-2017",""
"4257","0011-000144","0011","Blue Swivel Office Chair","Furnature","Store","1","Storage","Available","2016-2017",""
"4258","0011-000145","0011","Blue Swivel Office Chair","Furnature","Store","1","Storage","Available","2016-2017",""
"4274","0011-000161","0011","Blue Swivel Office Chair","Furnature","Store","1","Storage","Available","2017-2018",""
"4275","0011-000162","0011","Blue Swivel Office Chair","Furnature","Store","1","Storage","Available","2017-2018",""
"4276","0011-000163","0011","Blue Swivel Office Chair","Furnature","Store","1","Storage","Available","2017-2018",""
"4277","0011-000164","0011","Blue Swivel Office Chair","Furnature","Store","1","Storage","Available","2017-2018",""
"4278","0011-000165","0011","Blue Swivel Office Chair","Furnature","Store","1","Storage","Available","2017-2018",""
"4294","0011-000181","0011","Blue Swivel Office Chair","Furnature","Store","1","Storage","Available","2018-2019",""
"4295","0011-000182","0011","Blue Swivel Office Chair","Furnature","Store","1","Storage","Available","2018-2019",""
"4296","0011-000183","0011","Blue Swivel Office Chair","Furnature","Store","1","Storage","Available","2018-2019",""
"4297","0011-000184","0011","Blue Swivel Office Chair","Furnature","Store","1","Storage","Available","2018-2019",""
"4298","0011-000185","0011","Blue Swivel Office Chair","Furnature","Store","1","Storage","Available","2018-2019",""
"4314","0011-000201","0011","Blue Swivel Office Chair","Furnature","Store","1","Storage","Available","2019-2020",""
"4315","0011-000202","0011","Blue Swivel Office Chair","Furnature","Store","1","Storage","Available","2019-2020",""
"4316","0011-000203","0011","Blue Swivel Office Chair","Furnature","Store","1","Storage","Available","2019-2020",""
"4317","0011-000204","0011","Blue Swivel Office Chair","Furnature","Store","1","Storage","Available","2019-2020",""
"4318","0011-000205","0011","Blue Swivel Office Chair","Furnature","Store","1","Storage","Available","2019-2020",""
"4334","0011-000221","0011","Blue Swivel Office Chair","Furnature","Store","1","Storage","Available","2020-2021",""
"4335","0011-000222","0011","Blue Swivel Office Chair","Furnature","Store","1","Storage","Available","2020-2021",""
"4336","0011-000223","0011","Blue Swivel Office Chair","Furnature","Store","1","Storage","Available","2020-2021",""
"4337","0011-000224","0011","Blue Swivel Office Chair","Furnature","Store","1","Storage","Available","2020-2021",""
"4338","0011-000225","0011","Blue Swivel Office Chair","Furnature","Store","1","Storage","Available","2020-2021",""
"4354","0011-000241","0011","Blue Swivel Office Chair","Furnature","Store","1","Storage","Available","2021-2022",""
"4355","0011-000242","0011","Blue Swivel Office Chair","Furnature","Store","1","Storage","Available","2021-2022",""
"4356","0011-000243","0011","Blue Swivel Office Chair","Furnature","Store","1","Storage","Available","2021-2022",""
"4357","0011-000244","0011","Blue Swivel Office Chair","Furnature","Store","1","Storage","Available","2021-2022",""
"4358","0011-000245","0011","Blue Swivel Office Chair","Furnature","Store","1","Storage","Available","2021-2022",""
"4374","0011-000261","0011","Blue Swivel Office Chair","Furnature","Store","1","Storage","Available","2022-2023",""
"4375","0011-000262","0011","Blue Swivel Office Chair","Furnature","Store","1","Storage","Available","2022-2023",""
"4376","0011-000263","0011","Blue Swivel Office Chair","Furnature","Store","1","Storage","Available","2022-2023",""
"4377","0011-000264","0011","Blue Swivel Office Chair","Furnature","Store","1","Storage","Available","2022-2023",""
"4378","0011-000265","0011","Blue Swivel Office Chair","Furnature","Store","1","Storage","Available","2022-2023",""
"4394","0011-000281","0011","Blue Swivel Office Chair","Furnature","Store","1","Storage","Available","2023-2024",""
"4395","0011-000282","0011","Blue Swivel Office Chair","Furnature","Store","1","Storage","Available","2023-2024",""
"4396","0011-000283","0011","Blue Swivel Office Chair","Furnature","Store","1","Storage","Available","2023-2024",""
"4397","0011-000284","0011","Blue Swivel Office Chair","Furnature","Store","1","Storage","Available","2023-2024",""
"4398","0011-000285","0011","Blue Swivel Office Chair","Furnature","Store","1","Storage","Available","2023-2024",""
"4414","0011-000301","0011","Blue Swivel Office Chair","Furnature","Store","1","Storage","Available","2024-2025",""
"4415","0011-000302","0011","Blue Swivel Office Chair","Furnature","Store","1","Storage","Available","2024-2025",""
"4416","0011-000303","0011","Blue Swivel Office Chair","Furnature","Store","1","Storage","Available","2024-2025",""
"4417","0011-000304","0011","Blue Swivel Office Chair","Furnature","Store","1","Storage","Available","2024-2025",""
"4418","0011-000305","0011","Blue Swivel Office Chair","Furnature","Store","1","Storage","Available","2024-2025",""
"4434","0011-000321","0011","Blue Swivel Office Chair","Furnature","Store","1","Storage","Available","2025-2026",""
"4435","0011-000322","0011","Blue Swivel Office Chair","Furnature","Store","1","Storage","Available","2025-2026",""
"4436","0011-000323","0011","Blue Swivel Office Chair","Furnature","Store","1","Storage","Available","2025-2026",""
"4437","0011-000324","0011","Blue Swivel Office Chair","Furnature","Store","1","Storage","Available","2025-2026",""
"4438","0011-000325","0011","Blue Swivel Office Chair","Furnature","Store","1","Storage","Available","2025-2026",""
"4454","0011-000341","0011","Blue Swivel Office Chair","Furnature","Store","1","Storage","Available","2026-2027",""
"4455","0011-000342","0011","Blue Swivel Office Chair","Furnature","Store","1","Storage","Available","2026-2027",""
"4456","0011-000343","0011","Blue Swivel Office Chair","Furnature","Store","1","Storage","Available","2026-2027",""
"4457","0011-000344","0011","Blue Swivel Office Chair","Furnature","Store","1","Storage","Available","2026-2027",""
"4458","0011-000345","0011","Blue Swivel Office Chair","Furnature","Store","1","Storage","Available","2026-2027",""
"217","0012-000001","0012","Wall-Mounted Split Air Conditioner","electronic","Faculty of Information Science(FIS)","2","201","Available","2022-2023",""
"218","0012-000002","0012","Wall-Mounted Split Air Conditioner","electronic","Department of Natural Science(NS)","7","205","Available","2022-2023",""
"219","0012-000003","0012","Wall-Mounted Split Air Conditioner","electronic","Faculty of Computer Science(FCS)","3","202","Available","2022-2023",""
"220","0012-000004","0012","Wall-Mounted Split Air Conditioner","electronic","Department of English","6","203","Available","2022-2023",""
"221","0012-000005","0012","Wall-Mounted Split Air Conditioner","electronic","Faculty of Computing(FC)","4","301","Available","2022-2023",""
"222","0012-000006","0012","Wall-Mounted Split Air Conditioner","electronic","Faculty of Computer Systems and Technology(FCST)","5","302","Available","2022-2023",""
"223","0012-000007","0012","Wall-Mounted Split Air Conditioner","electronic","Information Technology Supporting and Maintainance(ITSM)","8","102","Available","2022-2023",""
"224","0012-000008","0012","Wall-Mounted Split Air Conditioner","electronic","Library","9","303","Available","2022-2023",""
"225","0012-000009","0012","Wall-Mounted Split Air Conditioner","electronic","Library","9","303","Available","2022-2023",""
"226","0012-000010","0012","Wall-Mounted Split Air Conditioner","electronic","Department of Student Affair","10","300","Available","2022-2023",""
"227","0012-000011","0012","Wall-Mounted Split Air Conditioner","electronic","Clinic","11","304","Available","2022-2023",""
"228","0012-000012","0012","Wall-Mounted Split Air Conditioner","electronic","Data Center","12","100","Available","2022-2023",""
"229","0012-000013","0012","Wall-Mounted Split Air Conditioner","electronic","Data Center","12","100","Available","2022-2023",""
"230","0012-000014","0012","Wall-Mounted Split Air Conditioner","electronic","Classroom","13","211","Available","2022-2023",""
"231","0012-000015","0012","Wall-Mounted Split Air Conditioner","electronic","Classroom","14","204","Available","2022-2023",""
"4474","0012-000116","0012","Wall-Mounted Split Air Conditioner","electronic","Store","1","Storage","Available","2015-2016",""
"4475","0012-000117","0012","Wall-Mounted Split Air Conditioner","electronic","Store","1","Storage","Available","2015-2016",""
"4476","0012-000118","0012","Wall-Mounted Split Air Conditioner","electronic","Store","1","Storage","Available","2015-2016",""
"4477","0012-000119","0012","Wall-Mounted Split Air Conditioner","electronic","Store","1","Storage","Available","2015-2016",""
"4478","0012-000120","0012","Wall-Mounted Split Air Conditioner","electronic","Store","1","Storage","Available","2015-2016",""
"4494","0012-000136","0012","Wall-Mounted Split Air Conditioner","electronic","Store","1","Storage","Available","2016-2017",""
"4495","0012-000137","0012","Wall-Mounted Split Air Conditioner","electronic","Store","1","Storage","Available","2016-2017",""
"4496","0012-000138","0012","Wall-Mounted Split Air Conditioner","electronic","Store","1","Storage","Available","2016-2017",""
"4497","0012-000139","0012","Wall-Mounted Split Air Conditioner","electronic","Store","1","Storage","Available","2016-2017",""
"4498","0012-000140","0012","Wall-Mounted Split Air Conditioner","electronic","Store","1","Storage","Available","2016-2017",""
"4514","0012-000156","0012","Wall-Mounted Split Air Conditioner","electronic","Store","1","Storage","Available","2017-2018",""
"4515","0012-000157","0012","Wall-Mounted Split Air Conditioner","electronic","Store","1","Storage","Available","2017-2018",""
"4516","0012-000158","0012","Wall-Mounted Split Air Conditioner","electronic","Store","1","Storage","Available","2017-2018",""
"4517","0012-000159","0012","Wall-Mounted Split Air Conditioner","electronic","Store","1","Storage","Available","2017-2018",""
"4518","0012-000160","0012","Wall-Mounted Split Air Conditioner","electronic","Store","1","Storage","Available","2017-2018",""
"4534","0012-000176","0012","Wall-Mounted Split Air Conditioner","electronic","Store","1","Storage","Available","2018-2019",""
"4535","0012-000177","0012","Wall-Mounted Split Air Conditioner","electronic","Store","1","Storage","Available","2018-2019",""
"4536","0012-000178","0012","Wall-Mounted Split Air Conditioner","electronic","Store","1","Storage","Available","2018-2019",""
"4537","0012-000179","0012","Wall-Mounted Split Air Conditioner","electronic","Store","1","Storage","Available","2018-2019",""
"4538","0012-000180","0012","Wall-Mounted Split Air Conditioner","electronic","Store","1","Storage","Available","2018-2019",""
"4554","0012-000196","0012","Wall-Mounted Split Air Conditioner","electronic","Store","1","Storage","Available","2019-2020",""
"4555","0012-000197","0012","Wall-Mounted Split Air Conditioner","electronic","Store","1","Storage","Available","2019-2020",""
"4556","0012-000198","0012","Wall-Mounted Split Air Conditioner","electronic","Store","1","Storage","Available","2019-2020",""
"4557","0012-000199","0012","Wall-Mounted Split Air Conditioner","electronic","Store","1","Storage","Available","2019-2020",""
"4558","0012-000200","0012","Wall-Mounted Split Air Conditioner","electronic","Store","1","Storage","Available","2019-2020",""
"4574","0012-000216","0012","Wall-Mounted Split Air Conditioner","electronic","Store","1","Storage","Available","2020-2021",""
"4575","0012-000217","0012","Wall-Mounted Split Air Conditioner","electronic","Store","1","Storage","Available","2020-2021",""
"4576","0012-000218","0012","Wall-Mounted Split Air Conditioner","electronic","Store","1","Storage","Available","2020-2021",""
"4577","0012-000219","0012","Wall-Mounted Split Air Conditioner","electronic","Store","1","Storage","Available","2020-2021",""
"4578","0012-000220","0012","Wall-Mounted Split Air Conditioner","electronic","Store","1","Storage","Available","2020-2021",""
"4594","0012-000236","0012","Wall-Mounted Split Air Conditioner","electronic","Store","1","Storage","Available","2021-2022",""
"4595","0012-000237","0012","Wall-Mounted Split Air Conditioner","electronic","Store","1","Storage","Available","2021-2022",""
"4596","0012-000238","0012","Wall-Mounted Split Air Conditioner","electronic","Store","1","Storage","Available","2021-2022",""
"4597","0012-000239","0012","Wall-Mounted Split Air Conditioner","electronic","Store","1","Storage","Available","2021-2022",""
"4598","0012-000240","0012","Wall-Mounted Split Air Conditioner","electronic","Store","1","Storage","Available","2021-2022",""
"4614","0012-000256","0012","Wall-Mounted Split Air Conditioner","electronic","Store","1","Storage","Available","2022-2023",""
"4615","0012-000257","0012","Wall-Mounted Split Air Conditioner","electronic","Store","1","Storage","Available","2022-2023",""
"4616","0012-000258","0012","Wall-Mounted Split Air Conditioner","electronic","Store","1","Storage","Available","2022-2023",""
"4617","0012-000259","0012","Wall-Mounted Split Air Conditioner","electronic","Store","1","Storage","Available","2022-2023",""
"4618","0012-000260","0012","Wall-Mounted Split Air Conditioner","electronic","Store","1","Storage","Available","2022-2023",""
"4634","0012-000276","0012","Wall-Mounted Split Air Conditioner","electronic","Store","1","Storage","Available","2023-2024",""
"4635","0012-000277","0012","Wall-Mounted Split Air Conditioner","electronic","Store","1","Storage","Available","2023-2024",""
"4636","0012-000278","0012","Wall-Mounted Split Air Conditioner","electronic","Store","1","Storage","Available","2023-2024",""
"4637","0012-000279","0012","Wall-Mounted Split Air Conditioner","electronic","Store","1","Storage","Available","2023-2024",""
"4638","0012-000280","0012","Wall-Mounted Split Air Conditioner","electronic","Store","1","Storage","Available","2023-2024",""
"4654","0012-000296","0012","Wall-Mounted Split Air Conditioner","electronic","Store","1","Storage","Available","2024-2025",""
"4655","0012-000297","0012","Wall-Mounted Split Air Conditioner","electronic","Store","1","Storage","Available","2024-2025",""
"4656","0012-000298","0012","Wall-Mounted Split Air Conditioner","electronic","Store","1","Storage","Available","2024-2025",""
"4657","0012-000299","0012","Wall-Mounted Split Air Conditioner","electronic","Store","1","Storage","Available","2024-2025",""
"4658","0012-000300","0012","Wall-Mounted Split Air Conditioner","electronic","Store","1","Storage","Available","2024-2025",""
"4674","0012-000316","0012","Wall-Mounted Split Air Conditioner","electronic","Store","1","Storage","Available","2025-2026",""
"4675","0012-000317","0012","Wall-Mounted Split Air Conditioner","electronic","Store","1","Storage","Available","2025-2026",""
"4676","0012-000318","0012","Wall-Mounted Split Air Conditioner","electronic","Store","1","Storage","Available","2025-2026",""
"4677","0012-000319","0012","Wall-Mounted Split Air Conditioner","electronic","Store","1","Storage","Available","2025-2026",""
"4678","0012-000320","0012","Wall-Mounted Split Air Conditioner","electronic","Store","1","Storage","Available","2025-2026",""
"4694","0012-000336","0012","Wall-Mounted Split Air Conditioner","electronic","Store","1","Storage","Available","2026-2027",""
"4695","0012-000337","0012","Wall-Mounted Split Air Conditioner","electronic","Store","1","Storage","Available","2026-2027",""
"4696","0012-000338","0012","Wall-Mounted Split Air Conditioner","electronic","Store","1","Storage","Available","2026-2027",""
"4697","0012-000339","0012","Wall-Mounted Split Air Conditioner","electronic","Store","1","Storage","Available","2026-2027",""
"4698","0012-000340","0012","Wall-Mounted Split Air Conditioner","electronic","Store","1","Storage","Available","2026-2027",""
"232","0013-000001","0013","Retractable Projector Screen","Teaching and Learning Equipment","Faculty of Information Science(FIS)","2","201","Available","2022-2023",""
"233","0013-000002","0013","Retractable Projector Screen","Teaching and Learning Equipment","Faculty of Computer Science(FCS)","3","202","Available","2022-2023",""
"234","0013-000003","0013","Retractable Projector Screen","Teaching and Learning Equipment","Faculty of Computing(FC)","4","301","Available","2022-2023",""
"235","0013-000004","0013","Retractable Projector Screen","Teaching and Learning Equipment","Faculty of Computer Systems and Technology(FCST)","5","302","Available","2022-2023",""
"236","0013-000005","0013","Retractable Projector Screen","Teaching and Learning Equipment","Department of Natural Science(NS)","7","205","Available","2022-2023",""
"237","0013-000006","0013","Retractable Projector Screen","Teaching and Learning Equipment","Classroom","13","211","Available","2022-2023",""
"238","0013-000007","0013","Retractable Projector Screen","Teaching and Learning Equipment","Classroom","14","204","Available","2022-2023",""
"239","0013-000008","0013","Retractable Projector Screen","Teaching and Learning Equipment","Store","1","Storage","Available","2022-2023",""
"240","0013-000009","0013","Retractable Projector Screen","Teaching and Learning Equipment","Store","1","Storage","Available","2022-2023",""
"241","0013-000010","0013","Retractable Projector Screen","Teaching and Learning Equipment","Store","1","Storage","Available","2022-2023",""
"4714","0013-000111","0013","Retractable Projector Screen","Teaching and Learning Equipment","Store","1","Storage","Available","2015-2016",""
"4715","0013-000112","0013","Retractable Projector Screen","Teaching and Learning Equipment","Store","1","Storage","Available","2015-2016",""
"4716","0013-000113","0013","Retractable Projector Screen","Teaching and Learning Equipment","Store","1","Storage","Available","2015-2016",""
"4717","0013-000114","0013","Retractable Projector Screen","Teaching and Learning Equipment","Store","1","Storage","Available","2015-2016",""
"4718","0013-000115","0013","Retractable Projector Screen","Teaching and Learning Equipment","Store","1","Storage","Available","2015-2016",""
"4734","0013-000131","0013","Retractable Projector Screen","Teaching and Learning Equipment","Store","1","Storage","Available","2016-2017",""
"4735","0013-000132","0013","Retractable Projector Screen","Teaching and Learning Equipment","Store","1","Storage","Available","2016-2017",""
"4736","0013-000133","0013","Retractable Projector Screen","Teaching and Learning Equipment","Store","1","Storage","Available","2016-2017",""
"4737","0013-000134","0013","Retractable Projector Screen","Teaching and Learning Equipment","Store","1","Storage","Available","2016-2017",""
"4738","0013-000135","0013","Retractable Projector Screen","Teaching and Learning Equipment","Store","1","Storage","Available","2016-2017",""
"4754","0013-000151","0013","Retractable Projector Screen","Teaching and Learning Equipment","Store","1","Storage","Available","2017-2018",""
"4755","0013-000152","0013","Retractable Projector Screen","Teaching and Learning Equipment","Store","1","Storage","Available","2017-2018",""
"4756","0013-000153","0013","Retractable Projector Screen","Teaching and Learning Equipment","Store","1","Storage","Available","2017-2018",""
"4757","0013-000154","0013","Retractable Projector Screen","Teaching and Learning Equipment","Store","1","Storage","Available","2017-2018",""
"4758","0013-000155","0013","Retractable Projector Screen","Teaching and Learning Equipment","Store","1","Storage","Available","2017-2018",""
"4774","0013-000171","0013","Retractable Projector Screen","Teaching and Learning Equipment","Store","1","Storage","Available","2018-2019",""
"4775","0013-000172","0013","Retractable Projector Screen","Teaching and Learning Equipment","Store","1","Storage","Available","2018-2019",""
"4776","0013-000173","0013","Retractable Projector Screen","Teaching and Learning Equipment","Store","1","Storage","Available","2018-2019",""
"4777","0013-000174","0013","Retractable Projector Screen","Teaching and Learning Equipment","Store","1","Storage","Available","2018-2019",""
"4778","0013-000175","0013","Retractable Projector Screen","Teaching and Learning Equipment","Store","1","Storage","Available","2018-2019",""
"4794","0013-000191","0013","Retractable Projector Screen","Teaching and Learning Equipment","Store","1","Storage","Available","2019-2020",""
"4795","0013-000192","0013","Retractable Projector Screen","Teaching and Learning Equipment","Store","1","Storage","Available","2019-2020",""
"4796","0013-000193","0013","Retractable Projector Screen","Teaching and Learning Equipment","Store","1","Storage","Available","2019-2020",""
"4797","0013-000194","0013","Retractable Projector Screen","Teaching and Learning Equipment","Store","1","Storage","Available","2019-2020",""
"4798","0013-000195","0013","Retractable Projector Screen","Teaching and Learning Equipment","Store","1","Storage","Available","2019-2020",""
"4814","0013-000211","0013","Retractable Projector Screen","Teaching and Learning Equipment","Store","1","Storage","Available","2020-2021",""
"4815","0013-000212","0013","Retractable Projector Screen","Teaching and Learning Equipment","Store","1","Storage","Available","2020-2021",""
"4816","0013-000213","0013","Retractable Projector Screen","Teaching and Learning Equipment","Store","1","Storage","Available","2020-2021",""
"4817","0013-000214","0013","Retractable Projector Screen","Teaching and Learning Equipment","Store","1","Storage","Available","2020-2021",""
"4818","0013-000215","0013","Retractable Projector Screen","Teaching and Learning Equipment","Store","1","Storage","Available","2020-2021",""
"4834","0013-000231","0013","Retractable Projector Screen","Teaching and Learning Equipment","Store","1","Storage","Available","2021-2022",""
"4835","0013-000232","0013","Retractable Projector Screen","Teaching and Learning Equipment","Store","1","Storage","Available","2021-2022",""
"4836","0013-000233","0013","Retractable Projector Screen","Teaching and Learning Equipment","Store","1","Storage","Available","2021-2022",""
"4837","0013-000234","0013","Retractable Projector Screen","Teaching and Learning Equipment","Store","1","Storage","Available","2021-2022",""
"4838","0013-000235","0013","Retractable Projector Screen","Teaching and Learning Equipment","Store","1","Storage","Available","2021-2022",""
"4854","0013-000251","0013","Retractable Projector Screen","Teaching and Learning Equipment","Store","1","Storage","Available","2022-2023",""
"4855","0013-000252","0013","Retractable Projector Screen","Teaching and Learning Equipment","Store","1","Storage","Available","2022-2023",""
"4856","0013-000253","0013","Retractable Projector Screen","Teaching and Learning Equipment","Store","1","Storage","Available","2022-2023",""
"4857","0013-000254","0013","Retractable Projector Screen","Teaching and Learning Equipment","Store","1","Storage","Available","2022-2023",""
"4858","0013-000255","0013","Retractable Projector Screen","Teaching and Learning Equipment","Store","1","Storage","Available","2022-2023",""
"4874","0013-000271","0013","Retractable Projector Screen","Teaching and Learning Equipment","Store","1","Storage","Available","2023-2024",""
"4875","0013-000272","0013","Retractable Projector Screen","Teaching and Learning Equipment","Store","1","Storage","Available","2023-2024",""
"4876","0013-000273","0013","Retractable Projector Screen","Teaching and Learning Equipment","Store","1","Storage","Available","2023-2024",""
"4877","0013-000274","0013","Retractable Projector Screen","Teaching and Learning Equipment","Store","1","Storage","Available","2023-2024",""
"4878","0013-000275","0013","Retractable Projector Screen","Teaching and Learning Equipment","Store","1","Storage","Available","2023-2024",""
"4894","0013-000291","0013","Retractable Projector Screen","Teaching and Learning Equipment","Store","1","Storage","Available","2024-2025",""
"4895","0013-000292","0013","Retractable Projector Screen","Teaching and Learning Equipment","Store","1","Storage","Available","2024-2025",""
"4896","0013-000293","0013","Retractable Projector Screen","Teaching and Learning Equipment","Store","1","Storage","Available","2024-2025",""
"4897","0013-000294","0013","Retractable Projector Screen","Teaching and Learning Equipment","Store","1","Storage","Available","2024-2025",""
"4898","0013-000295","0013","Retractable Projector Screen","Teaching and Learning Equipment","Store","1","Storage","Available","2024-2025",""
"4914","0013-000311","0013","Retractable Projector Screen","Teaching and Learning Equipment","Store","1","Storage","Available","2025-2026",""
"4915","0013-000312","0013","Retractable Projector Screen","Teaching and Learning Equipment","Store","1","Storage","Available","2025-2026",""
"4916","0013-000313","0013","Retractable Projector Screen","Teaching and Learning Equipment","Store","1","Storage","Available","2025-2026",""
"4917","0013-000314","0013","Retractable Projector Screen","Teaching and Learning Equipment","Store","1","Storage","Available","2025-2026",""
"4918","0013-000315","0013","Retractable Projector Screen","Teaching and Learning Equipment","Store","1","Storage","Available","2025-2026",""
"4934","0013-000331","0013","Retractable Projector Screen","Teaching and Learning Equipment","Store","1","Storage","Available","2026-2027",""
"4935","0013-000332","0013","Retractable Projector Screen","Teaching and Learning Equipment","Store","1","Storage","Available","2026-2027",""
"4936","0013-000333","0013","Retractable Projector Screen","Teaching and Learning Equipment","Store","1","Storage","Available","2026-2027",""
"4937","0013-000334","0013","Retractable Projector Screen","Teaching and Learning Equipment","Store","1","Storage","Available","2026-2027",""
"4938","0013-000335","0013","Retractable Projector Screen","Teaching and Learning Equipment","Store","1","Storage","Available","2026-2027",""
"242","0014-000001","0014","Ceiling-Mounted Epson Projector","Teaching and Learning Equipment","Faculty of Information Science(FIS)","2","201","Available","2022-2023",""
"243","0014-000002","0014","Ceiling-Mounted Epson Projector","Teaching and Learning Equipment","Faculty of Computer Science(FCS)","3","202","Available","2022-2023",""
"244","0014-000003","0014","Ceiling-Mounted Epson Projector","Teaching and Learning Equipment","Faculty of Computing(FC)","4","301","Available","2022-2023",""
"245","0014-000004","0014","Ceiling-Mounted Epson Projector","Teaching and Learning Equipment","Faculty of Computer Systems and Technology(FCST)","5","302","Available","2022-2023",""
"246","0014-000005","0014","Ceiling-Mounted Epson Projector","Teaching and Learning Equipment","Department of Natural Science(NS)","7","205","Available","2022-2023",""
"247","0014-000006","0014","Ceiling-Mounted Epson Projector","Teaching and Learning Equipment","Classroom","13","211","Available","2022-2023",""
"248","0014-000007","0014","Ceiling-Mounted Epson Projector","Teaching and Learning Equipment","Classroom","14","204","Available","2022-2023",""
"249","0014-000008","0014","Ceiling-Mounted Epson Projector","Teaching and Learning Equipment","Store","1","Storage","Available","2022-2023",""
"250","0014-000009","0014","Ceiling-Mounted Epson Projector","Teaching and Learning Equipment","Store","1","Storage","Available","2022-2023",""
"251","0014-000010","0014","Ceiling-Mounted Epson Projector","Teaching and Learning Equipment","Store","1","Storage","Available","2022-2023",""
"252","0014-000011","0014","Ceiling-Mounted Epson Projector","Teaching and Learning Equipment","Store","1","Storage","Available","2022-2023",""
"253","0014-000012","0014","Ceiling-Mounted Epson Projector","Teaching and Learning Equipment","Store","1","Storage","Available","2022-2023",""
"254","0014-000013","0014","Ceiling-Mounted Epson Projector","Teaching and Learning Equipment","Store","1","Storage","Available","2022-2023",""
"255","0014-000014","0014","Ceiling-Mounted Epson Projector","Teaching and Learning Equipment","Store","1","Storage","Available","2022-2023",""
"256","0014-000015","0014","Ceiling-Mounted Epson Projector","Teaching and Learning Equipment","Store","1","Storage","Available","2022-2023",""
"257","0014-000016","0014","Ceiling-Mounted Epson Projector","Teaching and Learning Equipment","Store","1","Storage","Available","2022-2023",""
"258","0014-000017","0014","Ceiling-Mounted Epson Projector","Teaching and Learning Equipment","Store","1","Storage","Available","2022-2023",""
"259","0014-000018","0014","Ceiling-Mounted Epson Projector","Teaching and Learning Equipment","Store","1","Storage","Available","2022-2023",""
"260","0014-000019","0014","Ceiling-Mounted Epson Projector","Teaching and Learning Equipment","Store","1","Storage","Available","2022-2023",""
"261","0014-000020","0014","Ceiling-Mounted Epson Projector","Teaching and Learning Equipment","Store","1","Storage","Available","2022-2023",""
"262","0014-000021","0014","Ceiling-Mounted Epson Projector","Teaching and Learning Equipment","Store","1","Storage","Available","2022-2023",""
"263","0014-000022","0014","Ceiling-Mounted Epson Projector","Teaching and Learning Equipment","Store","1","Storage","Available","2022-2023",""
"264","0014-000023","0014","Ceiling-Mounted Epson Projector","Teaching and Learning Equipment","Store","1","Storage","Available","2022-2023",""
"265","0014-000024","0014","Ceiling-Mounted Epson Projector","Teaching and Learning Equipment","Store","1","Storage","Available","2022-2023",""
"266","0014-000025","0014","Ceiling-Mounted Epson Projector","Teaching and Learning Equipment","Store","1","Storage","Available","2022-2023",""
"267","0014-000026","0014","Ceiling-Mounted Epson Projector","Teaching and Learning Equipment","Store","1","Storage","Available","2022-2023",""
"268","0014-000027","0014","Ceiling-Mounted Epson Projector","Teaching and Learning Equipment","Store","1","Storage","Available","2022-2023",""
"269","0014-000028","0014","Ceiling-Mounted Epson Projector","Teaching and Learning Equipment","Store","1","Storage","Available","2022-2023",""
"270","0014-000029","0014","Ceiling-Mounted Epson Projector","Teaching and Learning Equipment","Store","1","Storage","Available","2022-2023",""
"271","0014-000030","0014","Ceiling-Mounted Epson Projector","Teaching and Learning Equipment","Store","1","Storage","Available","2022-2023",""
"4954","0014-000131","0014","Ceiling-Mounted Epson Projector","Teaching and Learning Equipment","Store","1","Storage","Available","2015-2016",""
"4955","0014-000132","0014","Ceiling-Mounted Epson Projector","Teaching and Learning Equipment","Store","1","Storage","Available","2015-2016",""
"4956","0014-000133","0014","Ceiling-Mounted Epson Projector","Teaching and Learning Equipment","Store","1","Storage","Available","2015-2016",""
"4957","0014-000134","0014","Ceiling-Mounted Epson Projector","Teaching and Learning Equipment","Store","1","Storage","Available","2015-2016",""
"4958","0014-000135","0014","Ceiling-Mounted Epson Projector","Teaching and Learning Equipment","Store","1","Storage","Available","2015-2016",""
"4974","0014-000151","0014","Ceiling-Mounted Epson Projector","Teaching and Learning Equipment","Store","1","Storage","Available","2016-2017",""
"4975","0014-000152","0014","Ceiling-Mounted Epson Projector","Teaching and Learning Equipment","Store","1","Storage","Available","2016-2017",""
"4976","0014-000153","0014","Ceiling-Mounted Epson Projector","Teaching and Learning Equipment","Store","1","Storage","Available","2016-2017",""
"4977","0014-000154","0014","Ceiling-Mounted Epson Projector","Teaching and Learning Equipment","Store","1","Storage","Available","2016-2017",""
"4978","0014-000155","0014","Ceiling-Mounted Epson Projector","Teaching and Learning Equipment","Store","1","Storage","Available","2016-2017",""
"4994","0014-000171","0014","Ceiling-Mounted Epson Projector","Teaching and Learning Equipment","Store","1","Storage","Available","2017-2018",""
"4995","0014-000172","0014","Ceiling-Mounted Epson Projector","Teaching and Learning Equipment","Store","1","Storage","Available","2017-2018",""
"4996","0014-000173","0014","Ceiling-Mounted Epson Projector","Teaching and Learning Equipment","Store","1","Storage","Available","2017-2018",""
"4997","0014-000174","0014","Ceiling-Mounted Epson Projector","Teaching and Learning Equipment","Store","1","Storage","Available","2017-2018",""
"4998","0014-000175","0014","Ceiling-Mounted Epson Projector","Teaching and Learning Equipment","Store","1","Storage","Available","2017-2018",""
"5014","0014-000191","0014","Ceiling-Mounted Epson Projector","Teaching and Learning Equipment","Store","1","Storage","Available","2018-2019",""
"5015","0014-000192","0014","Ceiling-Mounted Epson Projector","Teaching and Learning Equipment","Store","1","Storage","Available","2018-2019",""
"5016","0014-000193","0014","Ceiling-Mounted Epson Projector","Teaching and Learning Equipment","Store","1","Storage","Available","2018-2019",""
"5017","0014-000194","0014","Ceiling-Mounted Epson Projector","Teaching and Learning Equipment","Store","1","Storage","Available","2018-2019",""
"5018","0014-000195","0014","Ceiling-Mounted Epson Projector","Teaching and Learning Equipment","Store","1","Storage","Available","2018-2019",""
"5034","0014-000211","0014","Ceiling-Mounted Epson Projector","Teaching and Learning Equipment","Store","1","Storage","Available","2019-2020",""
"5035","0014-000212","0014","Ceiling-Mounted Epson Projector","Teaching and Learning Equipment","Store","1","Storage","Available","2019-2020",""
"5036","0014-000213","0014","Ceiling-Mounted Epson Projector","Teaching and Learning Equipment","Store","1","Storage","Available","2019-2020",""
"5037","0014-000214","0014","Ceiling-Mounted Epson Projector","Teaching and Learning Equipment","Store","1","Storage","Available","2019-2020",""
"5038","0014-000215","0014","Ceiling-Mounted Epson Projector","Teaching and Learning Equipment","Store","1","Storage","Available","2019-2020",""
"5054","0014-000231","0014","Ceiling-Mounted Epson Projector","Teaching and Learning Equipment","Store","1","Storage","Available","2020-2021",""
"5055","0014-000232","0014","Ceiling-Mounted Epson Projector","Teaching and Learning Equipment","Store","1","Storage","Available","2020-2021",""
"5056","0014-000233","0014","Ceiling-Mounted Epson Projector","Teaching and Learning Equipment","Store","1","Storage","Available","2020-2021",""
"5057","0014-000234","0014","Ceiling-Mounted Epson Projector","Teaching and Learning Equipment","Store","1","Storage","Available","2020-2021",""
"5058","0014-000235","0014","Ceiling-Mounted Epson Projector","Teaching and Learning Equipment","Store","1","Storage","Available","2020-2021",""
"5074","0014-000251","0014","Ceiling-Mounted Epson Projector","Teaching and Learning Equipment","Store","1","Storage","Available","2021-2022",""
"5075","0014-000252","0014","Ceiling-Mounted Epson Projector","Teaching and Learning Equipment","Store","1","Storage","Available","2021-2022",""
"5076","0014-000253","0014","Ceiling-Mounted Epson Projector","Teaching and Learning Equipment","Store","1","Storage","Available","2021-2022",""
"5077","0014-000254","0014","Ceiling-Mounted Epson Projector","Teaching and Learning Equipment","Store","1","Storage","Available","2021-2022",""
"5078","0014-000255","0014","Ceiling-Mounted Epson Projector","Teaching and Learning Equipment","Store","1","Storage","Available","2021-2022",""
"5094","0014-000271","0014","Ceiling-Mounted Epson Projector","Teaching and Learning Equipment","Store","1","Storage","Available","2022-2023",""
"5095","0014-000272","0014","Ceiling-Mounted Epson Projector","Teaching and Learning Equipment","Store","1","Storage","Available","2022-2023",""
"5096","0014-000273","0014","Ceiling-Mounted Epson Projector","Teaching and Learning Equipment","Store","1","Storage","Available","2022-2023",""
"5097","0014-000274","0014","Ceiling-Mounted Epson Projector","Teaching and Learning Equipment","Store","1","Storage","Available","2022-2023",""
"5098","0014-000275","0014","Ceiling-Mounted Epson Projector","Teaching and Learning Equipment","Store","1","Storage","Available","2022-2023",""
"5114","0014-000291","0014","Ceiling-Mounted Epson Projector","Teaching and Learning Equipment","Store","1","Storage","Available","2023-2024",""
"5115","0014-000292","0014","Ceiling-Mounted Epson Projector","Teaching and Learning Equipment","Store","1","Storage","Available","2023-2024",""
"5116","0014-000293","0014","Ceiling-Mounted Epson Projector","Teaching and Learning Equipment","Store","1","Storage","Available","2023-2024",""
"5117","0014-000294","0014","Ceiling-Mounted Epson Projector","Teaching and Learning Equipment","Store","1","Storage","Available","2023-2024",""
"5118","0014-000295","0014","Ceiling-Mounted Epson Projector","Teaching and Learning Equipment","Store","1","Storage","Available","2023-2024",""
"5134","0014-000311","0014","Ceiling-Mounted Epson Projector","Teaching and Learning Equipment","Store","1","Storage","Available","2024-2025",""
"5135","0014-000312","0014","Ceiling-Mounted Epson Projector","Teaching and Learning Equipment","Store","1","Storage","Available","2024-2025",""
"5136","0014-000313","0014","Ceiling-Mounted Epson Projector","Teaching and Learning Equipment","Store","1","Storage","Available","2024-2025",""
"5137","0014-000314","0014","Ceiling-Mounted Epson Projector","Teaching and Learning Equipment","Store","1","Storage","Available","2024-2025",""
"5138","0014-000315","0014","Ceiling-Mounted Epson Projector","Teaching and Learning Equipment","Store","1","Storage","Available","2024-2025",""
"5154","0014-000331","0014","Ceiling-Mounted Epson Projector","Teaching and Learning Equipment","Store","1","Storage","Available","2025-2026",""
"5155","0014-000332","0014","Ceiling-Mounted Epson Projector","Teaching and Learning Equipment","Store","1","Storage","Available","2025-2026",""
"5156","0014-000333","0014","Ceiling-Mounted Epson Projector","Teaching and Learning Equipment","Store","1","Storage","Available","2025-2026",""
"5157","0014-000334","0014","Ceiling-Mounted Epson Projector","Teaching and Learning Equipment","Store","1","Storage","Available","2025-2026",""
"5158","0014-000335","0014","Ceiling-Mounted Epson Projector","Teaching and Learning Equipment","Store","1","Storage","Available","2025-2026",""
"5174","0014-000351","0014","Ceiling-Mounted Epson Projector","Teaching and Learning Equipment","Store","1","Storage","Available","2026-2027",""
"5175","0014-000352","0014","Ceiling-Mounted Epson Projector","Teaching and Learning Equipment","Store","1","Storage","Available","2026-2027",""
"5176","0014-000353","0014","Ceiling-Mounted Epson Projector","Teaching and Learning Equipment","Store","1","Storage","Available","2026-2027",""
"5177","0014-000354","0014","Ceiling-Mounted Epson Projector","Teaching and Learning Equipment","Store","1","Storage","Available","2026-2027",""
"5178","0014-000355","0014","Ceiling-Mounted Epson Projector","Teaching and Learning Equipment","Store","1","Storage","Available","2026-2027",""
"317","0015-000001","0015","Rectangular Training Table","Furnature","Faculty of Information Science(FIS)","2","201","Available","2022-2023",""
"318","0015-000002","0015","Rectangular Training Table","Furnature","Faculty of Information Science(FIS)","2","201","Available","2022-2023",""
"319","0015-000003","0015","Rectangular Training Table","Furnature","Faculty of Information Science(FIS)","2","201","Available","2022-2023",""
"320","0015-000004","0015","Rectangular Training Table","Furnature","Faculty of Information Science(FIS)","2","201","Available","2022-2023",""
"321","0015-000005","0015","Rectangular Training Table","Furnature","Faculty of Computer Science(FCS)","3","202","Available","2022-2023",""
"322","0015-000006","0015","Rectangular Training Table","Furnature","Faculty of Computer Science(FCS)","3","202","Available","2022-2023",""
"323","0015-000007","0015","Rectangular Training Table","Furnature","Faculty of Computer Science(FCS)","3","202","Available","2022-2023",""
"324","0015-000008","0015","Rectangular Training Table","Furnature","Faculty of Computer Science(FCS)","3","202","Available","2022-2023",""
"325","0015-000009","0015","Rectangular Training Table","Furnature","Faculty of Computing(FC)","4","301","Available","2022-2023",""
"326","0015-000010","0015","Rectangular Training Table","Furnature","Faculty of Computing(FC)","4","301","Available","2022-2023",""
"5194","0015-000111","0015","Rectangular Training Table","Furnature","Faculty of Computing(FC)","4","301","Available","2015-2016",""
"5195","0015-000112","0015","Rectangular Training Table","Furnature","Faculty of Computing(FC)","4","301","Available","2015-2016",""
"5196","0015-000113","0015","Rectangular Training Table","Furnature","Faculty of Computer Systems and Technology(FCST)","5","302","Available","2015-2016",""
"5197","0015-000114","0015","Rectangular Training Table","Furnature","Faculty of Computer Systems and Technology(FCST)","5","302","Available","2015-2016",""
"5198","0015-000115","0015","Rectangular Training Table","Furnature","Faculty of Computer Systems and Technology(FCST)","5","302","Available","2015-2016",""
"5214","0015-000131","0015","Rectangular Training Table","Furnature","Faculty of Computer Systems and Technology(FCST)","5","302","Available","2016-2017",""
"5215","0015-000132","0015","Rectangular Training Table","Furnature","Department of English","6","203","Available","2016-2017",""
"5216","0015-000133","0015","Rectangular Training Table","Furnature","Department of English","6","203","Available","2016-2017",""
"5217","0015-000134","0015","Rectangular Training Table","Furnature","Department of Natural Science(NS)","7","205","Available","2016-2017",""
"5218","0015-000135","0015","Rectangular Training Table","Furnature","Department of Natural Science(NS)","7","205","Available","2016-2017",""
"5234","0015-000151","0015","Rectangular Training Table","Furnature","Information Technology Supporting and Maintainance(ITSM)","8","102","Available","2017-2018",""
"5235","0015-000152","0015","Rectangular Training Table","Furnature","Information Technology Supporting and Maintainance(ITSM)","8","102","Available","2017-2018",""
"5236","0015-000153","0015","Rectangular Training Table","Furnature","Information Technology Supporting and Maintainance(ITSM)","8","102","Available","2017-2018",""
"5237","0015-000154","0015","Rectangular Training Table","Furnature","Library","9","303","Available","2017-2018",""
"5238","0015-000155","0015","Rectangular Training Table","Furnature","Library","9","303","Available","2017-2018",""
"5254","0015-000171","0015","Rectangular Training Table","Furnature","Library","9","303","Available","2018-2019",""
"5255","0015-000172","0015","Rectangular Training Table","Furnature","Library","9","303","Available","2018-2019",""
"5256","0015-000173","0015","Rectangular Training Table","Furnature","Library","9","303","Available","2018-2019",""
"5257","0015-000174","0015","Rectangular Training Table","Furnature","Department of Student Affair","10","300","Available","2018-2019",""
"5258","0015-000175","0015","Rectangular Training Table","Furnature","Department of Student Affair","10","300","Available","2018-2019",""
"5274","0015-000191","0015","Rectangular Training Table","Furnature","Clinic","11","304","Available","2019-2020",""
"5275","0015-000192","0015","Rectangular Training Table","Furnature","Clinic","11","304","Available","2019-2020",""
"5276","0015-000193","0015","Rectangular Training Table","Furnature","Data Center","12","100","Available","2019-2020",""
"5277","0015-000194","0015","Rectangular Training Table","Furnature","Data Center","12","100","Available","2019-2020",""
"5278","0015-000195","0015","Rectangular Training Table","Furnature","Store","1","Storage","Available","2019-2020",""
"5294","0015-000211","0015","Rectangular Training Table","Furnature","Store","1","Storage","Available","2020-2021",""
"5295","0015-000212","0015","Rectangular Training Table","Furnature","Store","1","Storage","Available","2020-2021",""
"5296","0015-000213","0015","Rectangular Training Table","Furnature","Store","1","Storage","Available","2020-2021",""
"5297","0015-000214","0015","Rectangular Training Table","Furnature","Store","1","Storage","Available","2020-2021",""
"5298","0015-000215","0015","Rectangular Training Table","Furnature","Store","1","Storage","Available","2020-2021",""
"5314","0015-000231","0015","Rectangular Training Table","Furnature","Store","1","Storage","Available","2021-2022",""
"5315","0015-000232","0015","Rectangular Training Table","Furnature","Store","1","Storage","Available","2021-2022",""
"5316","0015-000233","0015","Rectangular Training Table","Furnature","Store","1","Storage","Available","2021-2022",""
"5317","0015-000234","0015","Rectangular Training Table","Furnature","Store","1","Storage","Available","2021-2022",""
"5318","0015-000235","0015","Rectangular Training Table","Furnature","Store","1","Storage","Available","2021-2022",""
"5334","0015-000251","0015","Rectangular Training Table","Furnature","Store","1","Storage","Available","2022-2023",""
"5335","0015-000252","0015","Rectangular Training Table","Furnature","Store","1","Storage","Available","2022-2023",""
"5336","0015-000253","0015","Rectangular Training Table","Furnature","Store","1","Storage","Available","2022-2023",""
"5337","0015-000254","0015","Rectangular Training Table","Furnature","Store","1","Storage","Available","2022-2023",""
"5338","0015-000255","0015","Rectangular Training Table","Furnature","Store","1","Storage","Available","2022-2023",""
"5354","0015-000271","0015","Rectangular Training Table","Furnature","Store","1","Storage","Available","2023-2024",""
"5355","0015-000272","0015","Rectangular Training Table","Furnature","Store","1","Storage","Available","2023-2024",""
"5356","0015-000273","0015","Rectangular Training Table","Furnature","Store","1","Storage","Available","2023-2024",""
"5357","0015-000274","0015","Rectangular Training Table","Furnature","Store","1","Storage","Available","2023-2024",""
"5358","0015-000275","0015","Rectangular Training Table","Furnature","Store","1","Storage","Available","2023-2024",""
"5374","0015-000291","0015","Rectangular Training Table","Furnature","Store","1","Storage","Available","2024-2025",""
"5375","0015-000292","0015","Rectangular Training Table","Furnature","Store","1","Storage","Available","2024-2025",""
"5376","0015-000293","0015","Rectangular Training Table","Furnature","Store","1","Storage","Available","2024-2025",""
"5377","0015-000294","0015","Rectangular Training Table","Furnature","Store","1","Storage","Available","2024-2025",""
"5378","0015-000295","0015","Rectangular Training Table","Furnature","Store","1","Storage","Available","2024-2025",""
"5394","0015-000311","0015","Rectangular Training Table","Furnature","Store","1","Storage","Available","2025-2026",""
"5395","0015-000312","0015","Rectangular Training Table","Furnature","Store","1","Storage","Available","2025-2026",""
"5396","0015-000313","0015","Rectangular Training Table","Furnature","Store","1","Storage","Available","2025-2026",""
"5397","0015-000314","0015","Rectangular Training Table","Furnature","Store","1","Storage","Available","2025-2026",""
"5398","0015-000315","0015","Rectangular Training Table","Furnature","Store","1","Storage","Available","2025-2026",""
"5414","0015-000331","0015","Rectangular Training Table","Furnature","Store","1","Storage","Available","2026-2027",""
"5415","0015-000332","0015","Rectangular Training Table","Furnature","Store","1","Storage","Available","2026-2027",""
"5416","0015-000333","0015","Rectangular Training Table","Furnature","Store","1","Storage","Available","2026-2027",""
"5417","0015-000334","0015","Rectangular Training Table","Furnature","Store","1","Storage","Available","2026-2027",""
"5418","0015-000335","0015","Rectangular Training Table","Furnature","Store","1","Storage","Available","2026-2027",""
"327","0016-000001","0016","Blue Padded Folding Chair","Furnature","Store","1","Storage","Available","2022-2023",""
"328","0016-000002","0016","Blue Padded Folding Chair","Furnature","Store","1","Storage","Available","2022-2023",""
"329","0016-000003","0016","Blue Padded Folding Chair","Furnature","Store","1","Storage","Available","2022-2023",""
"330","0016-000004","0016","Blue Padded Folding Chair","Furnature","Store","1","Storage","Available","2022-2023",""
"331","0016-000005","0016","Blue Padded Folding Chair","Furnature","Store","1","Storage","Available","2022-2023",""
"332","0016-000006","0016","Blue Padded Folding Chair","Furnature","Store","1","Storage","Available","2022-2023",""
"333","0016-000007","0016","Blue Padded Folding Chair","Furnature","Store","1","Storage","Available","2022-2023",""
"334","0016-000008","0016","Blue Padded Folding Chair","Furnature","Store","1","Storage","Available","2022-2023",""
"335","0016-000009","0016","Blue Padded Folding Chair","Furnature","Store","1","Storage","Available","2022-2023",""
"336","0016-000010","0016","Blue Padded Folding Chair","Furnature","Store","1","Storage","Available","2022-2023",""
"337","0016-000011","0016","Blue Padded Folding Chair","Furnature","Store","1","Storage","Available","2022-2023",""
"338","0016-000012","0016","Blue Padded Folding Chair","Furnature","Store","1","Storage","Available","2022-2023",""
"339","0016-000013","0016","Blue Padded Folding Chair","Furnature","Store","1","Storage","Available","2022-2023",""
"340","0016-000014","0016","Blue Padded Folding Chair","Furnature","Store","1","Storage","Available","2022-2023",""
"341","0016-000015","0016","Blue Padded Folding Chair","Furnature","Store","1","Storage","Available","2022-2023",""
"342","0016-000016","0016","Blue Padded Folding Chair","Furnature","Store","1","Storage","Available","2022-2023",""
"343","0016-000017","0016","Blue Padded Folding Chair","Furnature","Store","1","Storage","Available","2022-2023",""
"344","0016-000018","0016","Blue Padded Folding Chair","Furnature","Store","1","Storage","Available","2022-2023",""
"345","0016-000019","0016","Blue Padded Folding Chair","Furnature","Store","1","Storage","Available","2022-2023",""
"346","0016-000020","0016","Blue Padded Folding Chair","Furnature","Store","1","Storage","Available","2022-2023",""
"5434","0016-000121","0016","Blue Padded Folding Chair","Furnature","Store","1","Storage","Available","2015-2016",""
"5435","0016-000122","0016","Blue Padded Folding Chair","Furnature","Store","1","Storage","Available","2015-2016",""
"5436","0016-000123","0016","Blue Padded Folding Chair","Furnature","Store","1","Storage","Available","2015-2016",""
"5437","0016-000124","0016","Blue Padded Folding Chair","Furnature","Store","1","Storage","Available","2015-2016",""
"5438","0016-000125","0016","Blue Padded Folding Chair","Furnature","Store","1","Storage","Available","2015-2016",""
"5454","0016-000141","0016","Blue Padded Folding Chair","Furnature","Store","1","Storage","Available","2016-2017",""
"5455","0016-000142","0016","Blue Padded Folding Chair","Furnature","Store","1","Storage","Available","2016-2017",""
"5456","0016-000143","0016","Blue Padded Folding Chair","Furnature","Store","1","Storage","Available","2016-2017",""
"5457","0016-000144","0016","Blue Padded Folding Chair","Furnature","Store","1","Storage","Available","2016-2017",""
"5458","0016-000145","0016","Blue Padded Folding Chair","Furnature","Store","1","Storage","Available","2016-2017",""
"5474","0016-000161","0016","Blue Padded Folding Chair","Furnature","Store","1","Storage","Available","2017-2018",""
"5475","0016-000162","0016","Blue Padded Folding Chair","Furnature","Store","1","Storage","Available","2017-2018",""
"5476","0016-000163","0016","Blue Padded Folding Chair","Furnature","Store","1","Storage","Available","2017-2018",""
"5477","0016-000164","0016","Blue Padded Folding Chair","Furnature","Store","1","Storage","Available","2017-2018",""
"5478","0016-000165","0016","Blue Padded Folding Chair","Furnature","Store","1","Storage","Available","2017-2018",""
"5494","0016-000181","0016","Blue Padded Folding Chair","Furnature","Store","1","Storage","Available","2018-2019",""
"5495","0016-000182","0016","Blue Padded Folding Chair","Furnature","Store","1","Storage","Available","2018-2019",""
"5496","0016-000183","0016","Blue Padded Folding Chair","Furnature","Store","1","Storage","Available","2018-2019",""
"5497","0016-000184","0016","Blue Padded Folding Chair","Furnature","Store","1","Storage","Available","2018-2019",""
"5498","0016-000185","0016","Blue Padded Folding Chair","Furnature","Store","1","Storage","Available","2018-2019",""
"5514","0016-000201","0016","Blue Padded Folding Chair","Furnature","Store","1","Storage","Available","2019-2020",""
"5515","0016-000202","0016","Blue Padded Folding Chair","Furnature","Store","1","Storage","Available","2019-2020",""
"5516","0016-000203","0016","Blue Padded Folding Chair","Furnature","Store","1","Storage","Available","2019-2020",""
"5517","0016-000204","0016","Blue Padded Folding Chair","Furnature","Store","1","Storage","Available","2019-2020",""
"5518","0016-000205","0016","Blue Padded Folding Chair","Furnature","Store","1","Storage","Available","2019-2020",""
"5534","0016-000221","0016","Blue Padded Folding Chair","Furnature","Store","1","Storage","Available","2020-2021",""
"5535","0016-000222","0016","Blue Padded Folding Chair","Furnature","Store","1","Storage","Available","2020-2021",""
"5536","0016-000223","0016","Blue Padded Folding Chair","Furnature","Store","1","Storage","Available","2020-2021",""
"5537","0016-000224","0016","Blue Padded Folding Chair","Furnature","Store","1","Storage","Available","2020-2021",""
"5538","0016-000225","0016","Blue Padded Folding Chair","Furnature","Store","1","Storage","Available","2020-2021",""
"5554","0016-000241","0016","Blue Padded Folding Chair","Furnature","Store","1","Storage","Available","2021-2022",""
"5555","0016-000242","0016","Blue Padded Folding Chair","Furnature","Store","1","Storage","Available","2021-2022",""
"5556","0016-000243","0016","Blue Padded Folding Chair","Furnature","Store","1","Storage","Available","2021-2022",""
"5557","0016-000244","0016","Blue Padded Folding Chair","Furnature","Store","1","Storage","Available","2021-2022",""
"5558","0016-000245","0016","Blue Padded Folding Chair","Furnature","Store","1","Storage","Available","2021-2022",""
"5574","0016-000261","0016","Blue Padded Folding Chair","Furnature","Store","1","Storage","Available","2022-2023",""
"5575","0016-000262","0016","Blue Padded Folding Chair","Furnature","Store","1","Storage","Available","2022-2023",""
"5576","0016-000263","0016","Blue Padded Folding Chair","Furnature","Store","1","Storage","Available","2022-2023",""
"5577","0016-000264","0016","Blue Padded Folding Chair","Furnature","Store","1","Storage","Available","2022-2023",""
"5578","0016-000265","0016","Blue Padded Folding Chair","Furnature","Store","1","Storage","Available","2022-2023",""
"5594","0016-000281","0016","Blue Padded Folding Chair","Furnature","Store","1","Storage","Available","2023-2024",""
"5595","0016-000282","0016","Blue Padded Folding Chair","Furnature","Store","1","Storage","Available","2023-2024",""
"5596","0016-000283","0016","Blue Padded Folding Chair","Furnature","Store","1","Storage","Available","2023-2024",""
"5597","0016-000284","0016","Blue Padded Folding Chair","Furnature","Store","1","Storage","Available","2023-2024",""
"5598","0016-000285","0016","Blue Padded Folding Chair","Furnature","Store","1","Storage","Available","2023-2024",""
"5614","0016-000301","0016","Blue Padded Folding Chair","Furnature","Store","1","Storage","Available","2024-2025",""
"5615","0016-000302","0016","Blue Padded Folding Chair","Furnature","Store","1","Storage","Available","2024-2025",""
"5616","0016-000303","0016","Blue Padded Folding Chair","Furnature","Store","1","Storage","Available","2024-2025",""
"5617","0016-000304","0016","Blue Padded Folding Chair","Furnature","Store","1","Storage","Available","2024-2025",""
"5618","0016-000305","0016","Blue Padded Folding Chair","Furnature","Store","1","Storage","Available","2024-2025",""
"5634","0016-000321","0016","Blue Padded Folding Chair","Furnature","Store","1","Storage","Available","2025-2026",""
"5635","0016-000322","0016","Blue Padded Folding Chair","Furnature","Store","1","Storage","Available","2025-2026",""
"5636","0016-000323","0016","Blue Padded Folding Chair","Furnature","Store","1","Storage","Available","2025-2026",""
"5637","0016-000324","0016","Blue Padded Folding Chair","Furnature","Store","1","Storage","Available","2025-2026",""
"5638","0016-000325","0016","Blue Padded Folding Chair","Furnature","Store","1","Storage","Available","2025-2026",""
"5654","0016-000341","0016","Blue Padded Folding Chair","Furnature","Store","1","Storage","Available","2026-2027",""
"5655","0016-000342","0016","Blue Padded Folding Chair","Furnature","Store","1","Storage","Available","2026-2027",""
"5656","0016-000343","0016","Blue Padded Folding Chair","Furnature","Store","1","Storage","Available","2026-2027",""
"5657","0016-000344","0016","Blue Padded Folding Chair","Furnature","Store","1","Storage","Available","2026-2027",""
"5658","0016-000345","0016","Blue Padded Folding Chair","Furnature","Store","1","Storage","Available","2026-2027",""
"347","0017-000001","0017","Lockable Two-Door Steel Storage Cabinet","Furnature","Faculty of Information Science(FIS)","2","201","Available","2022-2023",""
"348","0017-000002","0017","Lockable Two-Door Steel Storage Cabinet","Furnature","Faculty of Information Science(FIS)","2","201","Available","2022-2023",""
"349","0017-000003","0017","Lockable Two-Door Steel Storage Cabinet","Furnature","Faculty of Computer Science(FCS)","3","202","Available","2022-2023",""
"350","0017-000004","0017","Lockable Two-Door Steel Storage Cabinet","Furnature","Faculty of Computer Science(FCS)","3","202","Available","2022-2023",""
"351","0017-000005","0017","Lockable Two-Door Steel Storage Cabinet","Furnature","Faculty of Computing(FC)","4","301","Available","2022-2023",""
"352","0017-000006","0017","Lockable Two-Door Steel Storage Cabinet","Furnature","Faculty of Computing(FC)","4","301","Available","2022-2023",""
"353","0017-000007","0017","Lockable Two-Door Steel Storage Cabinet","Furnature","Faculty of Computer Systems and Technology(FCST)","5","302","Available","2022-2023",""
"5674","0017-000108","0017","Lockable Two-Door Steel Storage Cabinet","Furnature","Faculty of Computer Systems and Technology(FCST)","5","302","Available","2015-2016",""
"5675","0017-000109","0017","Lockable Two-Door Steel Storage Cabinet","Furnature","Department of English","6","203","Available","2015-2016",""
"5676","0017-000110","0017","Lockable Two-Door Steel Storage Cabinet","Furnature","Department of English","6","203","Available","2015-2016",""
"5677","0017-000111","0017","Lockable Two-Door Steel Storage Cabinet","Furnature","Department of Natural Science(NS)","7","205","Available","2015-2016",""
"5678","0017-000112","0017","Lockable Two-Door Steel Storage Cabinet","Furnature","Department of Natural Science(NS)","7","205","Available","2015-2016",""
"5694","0017-000128","0017","Lockable Two-Door Steel Storage Cabinet","Furnature","Information Technology Supporting and Maintainance(ITSM)","8","102","Available","2016-2017",""
"5695","0017-000129","0017","Lockable Two-Door Steel Storage Cabinet","Furnature","Information Technology Supporting and Maintainance(ITSM)","8","102","Available","2016-2017",""
"5696","0017-000130","0017","Lockable Two-Door Steel Storage Cabinet","Furnature","Information Technology Supporting and Maintainance(ITSM)","8","102","Available","2016-2017",""
"5697","0017-000131","0017","Lockable Two-Door Steel Storage Cabinet","Furnature","Library","9","303","Available","2016-2017",""
"5698","0017-000132","0017","Lockable Two-Door Steel Storage Cabinet","Furnature","Library","9","303","Available","2016-2017",""
"5714","0017-000148","0017","Lockable Two-Door Steel Storage Cabinet","Furnature","Library","9","303","Available","2017-2018",""
"5715","0017-000149","0017","Lockable Two-Door Steel Storage Cabinet","Furnature","Department of Student Affair","10","300","Available","2017-2018",""
"5716","0017-000150","0017","Lockable Two-Door Steel Storage Cabinet","Furnature","Department of Student Affair","10","300","Available","2017-2018",""
"5717","0017-000151","0017","Lockable Two-Door Steel Storage Cabinet","Furnature","Clinic","11","304","Available","2017-2018",""
"5718","0017-000152","0017","Lockable Two-Door Steel Storage Cabinet","Furnature","Clinic","11","304","Available","2017-2018",""
"5734","0017-000168","0017","Lockable Two-Door Steel Storage Cabinet","Furnature","Data Center","12","100","Available","2018-2019",""
"5735","0017-000169","0017","Lockable Two-Door Steel Storage Cabinet","Furnature","Data Center","12","100","Available","2018-2019",""
"5736","0017-000170","0017","Lockable Two-Door Steel Storage Cabinet","Furnature","Classroom","13","211","Available","2018-2019",""
"5737","0017-000171","0017","Lockable Two-Door Steel Storage Cabinet","Furnature","Classroom","14","204","Available","2018-2019",""
"5738","0017-000172","0017","Lockable Two-Door Steel Storage Cabinet","Furnature","Store","1","Storage","Available","2018-2019",""
"5754","0017-000188","0017","Lockable Two-Door Steel Storage Cabinet","Furnature","Store","1","Storage","Available","2019-2020",""
"5755","0017-000189","0017","Lockable Two-Door Steel Storage Cabinet","Furnature","Store","1","Storage","Available","2019-2020",""
"5756","0017-000190","0017","Lockable Two-Door Steel Storage Cabinet","Furnature","Store","1","Storage","Available","2019-2020",""
"5757","0017-000191","0017","Lockable Two-Door Steel Storage Cabinet","Furnature","Store","1","Storage","Available","2019-2020",""
"5758","0017-000192","0017","Lockable Two-Door Steel Storage Cabinet","Furnature","Store","1","Storage","Available","2019-2020",""
"5774","0017-000208","0017","Lockable Two-Door Steel Storage Cabinet","Furnature","Store","1","Storage","Available","2020-2021",""
"5775","0017-000209","0017","Lockable Two-Door Steel Storage Cabinet","Furnature","Store","1","Storage","Available","2020-2021",""
"5776","0017-000210","0017","Lockable Two-Door Steel Storage Cabinet","Furnature","Store","1","Storage","Available","2020-2021",""
"5777","0017-000211","0017","Lockable Two-Door Steel Storage Cabinet","Furnature","Store","1","Storage","Available","2020-2021",""
"5778","0017-000212","0017","Lockable Two-Door Steel Storage Cabinet","Furnature","Store","1","Storage","Available","2020-2021",""
"5794","0017-000228","0017","Lockable Two-Door Steel Storage Cabinet","Furnature","Store","1","Storage","Available","2021-2022",""
"5795","0017-000229","0017","Lockable Two-Door Steel Storage Cabinet","Furnature","Store","1","Storage","Available","2021-2022",""
"5796","0017-000230","0017","Lockable Two-Door Steel Storage Cabinet","Furnature","Store","1","Storage","Available","2021-2022",""
"5797","0017-000231","0017","Lockable Two-Door Steel Storage Cabinet","Furnature","Store","1","Storage","Available","2021-2022",""
"5798","0017-000232","0017","Lockable Two-Door Steel Storage Cabinet","Furnature","Store","1","Storage","Available","2021-2022",""
"5814","0017-000248","0017","Lockable Two-Door Steel Storage Cabinet","Furnature","Store","1","Storage","Available","2022-2023",""
"5815","0017-000249","0017","Lockable Two-Door Steel Storage Cabinet","Furnature","Store","1","Storage","Available","2022-2023",""
"5816","0017-000250","0017","Lockable Two-Door Steel Storage Cabinet","Furnature","Store","1","Storage","Available","2022-2023",""
"5817","0017-000251","0017","Lockable Two-Door Steel Storage Cabinet","Furnature","Store","1","Storage","Available","2022-2023",""
"5818","0017-000252","0017","Lockable Two-Door Steel Storage Cabinet","Furnature","Store","1","Storage","Available","2022-2023",""
"5834","0017-000268","0017","Lockable Two-Door Steel Storage Cabinet","Furnature","Store","1","Storage","Available","2023-2024",""
"5835","0017-000269","0017","Lockable Two-Door Steel Storage Cabinet","Furnature","Store","1","Storage","Available","2023-2024",""
"5836","0017-000270","0017","Lockable Two-Door Steel Storage Cabinet","Furnature","Store","1","Storage","Available","2023-2024",""
"5837","0017-000271","0017","Lockable Two-Door Steel Storage Cabinet","Furnature","Store","1","Storage","Available","2023-2024",""
"5838","0017-000272","0017","Lockable Two-Door Steel Storage Cabinet","Furnature","Store","1","Storage","Available","2023-2024",""
"5854","0017-000288","0017","Lockable Two-Door Steel Storage Cabinet","Furnature","Store","1","Storage","Available","2024-2025",""
"5855","0017-000289","0017","Lockable Two-Door Steel Storage Cabinet","Furnature","Store","1","Storage","Available","2024-2025",""
"5856","0017-000290","0017","Lockable Two-Door Steel Storage Cabinet","Furnature","Store","1","Storage","Available","2024-2025",""
"5857","0017-000291","0017","Lockable Two-Door Steel Storage Cabinet","Furnature","Store","1","Storage","Available","2024-2025",""
"5858","0017-000292","0017","Lockable Two-Door Steel Storage Cabinet","Furnature","Store","1","Storage","Available","2024-2025",""
"5874","0017-000308","0017","Lockable Two-Door Steel Storage Cabinet","Furnature","Store","1","Storage","Available","2025-2026",""
"5875","0017-000309","0017","Lockable Two-Door Steel Storage Cabinet","Furnature","Store","1","Storage","Available","2025-2026",""
"5876","0017-000310","0017","Lockable Two-Door Steel Storage Cabinet","Furnature","Store","1","Storage","Available","2025-2026",""
"5877","0017-000311","0017","Lockable Two-Door Steel Storage Cabinet","Furnature","Store","1","Storage","Available","2025-2026",""
"5878","0017-000312","0017","Lockable Two-Door Steel Storage Cabinet","Furnature","Store","1","Storage","Available","2025-2026",""
"5894","0017-000328","0017","Lockable Two-Door Steel Storage Cabinet","Furnature","Store","1","Storage","Available","2026-2027",""
"5895","0017-000329","0017","Lockable Two-Door Steel Storage Cabinet","Furnature","Store","1","Storage","Available","2026-2027",""
"5896","0017-000330","0017","Lockable Two-Door Steel Storage Cabinet","Furnature","Store","1","Storage","Available","2026-2027",""
"5897","0017-000331","0017","Lockable Two-Door Steel Storage Cabinet","Furnature","Store","1","Storage","Available","2026-2027",""
"5898","0017-000332","0017","Lockable Two-Door Steel Storage Cabinet","Furnature","Store","1","Storage","Available","2026-2027",""
"354","0018-000001","0018","Table with sitting bench of 3","Furnature","Classroom","13","211","Available","2022-2023",""
"355","0018-000002","0018","Table with sitting bench of 3","Furnature","Classroom","13","211","Available","2022-2023",""
"356","0018-000003","0018","Table with sitting bench of 3","Furnature","Classroom","13","211","Available","2022-2023",""
"357","0018-000004","0018","Table with sitting bench of 3","Furnature","Classroom","13","211","Available","2022-2023",""
"358","0018-000005","0018","Table with sitting bench of 3","Furnature","Classroom","13","211","Available","2022-2023",""
"359","0018-000006","0018","Table with sitting bench of 3","Furnature","Classroom","13","211","Available","2022-2023",""
"360","0018-000007","0018","Table with sitting bench of 3","Furnature","Classroom","13","211","Available","2022-2023",""
"361","0018-000008","0018","Table with sitting bench of 3","Furnature","Classroom","13","211","Available","2022-2023",""
"362","0018-000009","0018","Table with sitting bench of 3","Furnature","Classroom","13","211","Available","2022-2023",""
"363","0018-000010","0018","Table with sitting bench of 3","Furnature","Classroom","14","204","Available","2022-2023",""
"364","0018-000011","0018","Table with sitting bench of 3","Furnature","Classroom","14","204","Available","2022-2023",""
"365","0018-000012","0018","Table with sitting bench of 3","Furnature","Classroom","14","204","Available","2022-2023",""
"366","0018-000013","0018","Table with sitting bench of 3","Furnature","Classroom","14","204","Available","2022-2023",""
"367","0018-000014","0018","Table with sitting bench of 3","Furnature","Classroom","14","204","Available","2022-2023",""
"368","0018-000015","0018","Table with sitting bench of 3","Furnature","Classroom","14","204","Available","2022-2023",""
"369","0018-000016","0018","Table with sitting bench of 3","Furnature","Classroom","14","204","Available","2022-2023",""
"370","0018-000017","0018","Table with sitting bench of 3","Furnature","Classroom","14","204","Available","2022-2023",""
"371","0018-000018","0018","Table with sitting bench of 3","Furnature","Classroom","14","204","Available","2022-2023",""
"372","0018-000019","0018","Table with sitting bench of 3","Furnature","Store","1","Storage","Available","2022-2023",""
"373","0018-000020","0018","Table with sitting bench of 3","Furnature","Store","1","Storage","Available","2022-2023",""
"5914","0018-000121","0018","Table with sitting bench of 3","Furnature","Store","1","Storage","Available","2015-2016",""
"5915","0018-000122","0018","Table with sitting bench of 3","Furnature","Store","1","Storage","Available","2015-2016",""
"5916","0018-000123","0018","Table with sitting bench of 3","Furnature","Store","1","Storage","Available","2015-2016",""
"5917","0018-000124","0018","Table with sitting bench of 3","Furnature","Store","1","Storage","Available","2015-2016",""
"5918","0018-000125","0018","Table with sitting bench of 3","Furnature","Store","1","Storage","Available","2015-2016",""
"5934","0018-000141","0018","Table with sitting bench of 3","Furnature","Store","1","Storage","Available","2016-2017",""
"5935","0018-000142","0018","Table with sitting bench of 3","Furnature","Store","1","Storage","Available","2016-2017",""
"5936","0018-000143","0018","Table with sitting bench of 3","Furnature","Store","1","Storage","Available","2016-2017",""
"5937","0018-000144","0018","Table with sitting bench of 3","Furnature","Store","1","Storage","Available","2016-2017",""
"5938","0018-000145","0018","Table with sitting bench of 3","Furnature","Store","1","Storage","Available","2016-2017",""
"5954","0018-000161","0018","Table with sitting bench of 3","Furnature","Store","1","Storage","Available","2017-2018",""
"5955","0018-000162","0018","Table with sitting bench of 3","Furnature","Store","1","Storage","Available","2017-2018",""
"5956","0018-000163","0018","Table with sitting bench of 3","Furnature","Store","1","Storage","Available","2017-2018",""
"5957","0018-000164","0018","Table with sitting bench of 3","Furnature","Store","1","Storage","Available","2017-2018",""
"5958","0018-000165","0018","Table with sitting bench of 3","Furnature","Store","1","Storage","Available","2017-2018",""
"5974","0018-000181","0018","Table with sitting bench of 3","Furnature","Store","1","Storage","Available","2018-2019",""
"5975","0018-000182","0018","Table with sitting bench of 3","Furnature","Store","1","Storage","Available","2018-2019",""
"5976","0018-000183","0018","Table with sitting bench of 3","Furnature","Store","1","Storage","Available","2018-2019",""
"5977","0018-000184","0018","Table with sitting bench of 3","Furnature","Store","1","Storage","Available","2018-2019",""
"5978","0018-000185","0018","Table with sitting bench of 3","Furnature","Store","1","Storage","Available","2018-2019",""
"5994","0018-000201","0018","Table with sitting bench of 3","Furnature","Store","1","Storage","Available","2019-2020",""
"5995","0018-000202","0018","Table with sitting bench of 3","Furnature","Store","1","Storage","Available","2019-2020",""
"5996","0018-000203","0018","Table with sitting bench of 3","Furnature","Store","1","Storage","Available","2019-2020",""
"5997","0018-000204","0018","Table with sitting bench of 3","Furnature","Store","1","Storage","Available","2019-2020",""
"5998","0018-000205","0018","Table with sitting bench of 3","Furnature","Store","1","Storage","Available","2019-2020",""
"6014","0018-000221","0018","Table with sitting bench of 3","Furnature","Store","1","Storage","Available","2020-2021",""
"6015","0018-000222","0018","Table with sitting bench of 3","Furnature","Store","1","Storage","Available","2020-2021",""
"6016","0018-000223","0018","Table with sitting bench of 3","Furnature","Store","1","Storage","Available","2020-2021",""
"6017","0018-000224","0018","Table with sitting bench of 3","Furnature","Store","1","Storage","Available","2020-2021",""
"6018","0018-000225","0018","Table with sitting bench of 3","Furnature","Store","1","Storage","Available","2020-2021",""
"6034","0018-000241","0018","Table with sitting bench of 3","Furnature","Store","1","Storage","Available","2021-2022",""
"6035","0018-000242","0018","Table with sitting bench of 3","Furnature","Store","1","Storage","Available","2021-2022",""
"6036","0018-000243","0018","Table with sitting bench of 3","Furnature","Store","1","Storage","Available","2021-2022",""
"6037","0018-000244","0018","Table with sitting bench of 3","Furnature","Store","1","Storage","Available","2021-2022",""
"6038","0018-000245","0018","Table with sitting bench of 3","Furnature","Store","1","Storage","Available","2021-2022",""
"6054","0018-000261","0018","Table with sitting bench of 3","Furnature","Store","1","Storage","Available","2022-2023",""
"6055","0018-000262","0018","Table with sitting bench of 3","Furnature","Store","1","Storage","Available","2022-2023",""
"6056","0018-000263","0018","Table with sitting bench of 3","Furnature","Store","1","Storage","Available","2022-2023",""
"6057","0018-000264","0018","Table with sitting bench of 3","Furnature","Store","1","Storage","Available","2022-2023",""
"6058","0018-000265","0018","Table with sitting bench of 3","Furnature","Store","1","Storage","Available","2022-2023",""
"6074","0018-000281","0018","Table with sitting bench of 3","Furnature","Store","1","Storage","Available","2023-2024",""
"6075","0018-000282","0018","Table with sitting bench of 3","Furnature","Store","1","Storage","Available","2023-2024",""
"6076","0018-000283","0018","Table with sitting bench of 3","Furnature","Store","1","Storage","Available","2023-2024",""
"6077","0018-000284","0018","Table with sitting bench of 3","Furnature","Store","1","Storage","Available","2023-2024",""
"6078","0018-000285","0018","Table with sitting bench of 3","Furnature","Store","1","Storage","Available","2023-2024",""
"6094","0018-000301","0018","Table with sitting bench of 3","Furnature","Store","1","Storage","Available","2024-2025",""
"6095","0018-000302","0018","Table with sitting bench of 3","Furnature","Store","1","Storage","Available","2024-2025",""
"6096","0018-000303","0018","Table with sitting bench of 3","Furnature","Store","1","Storage","Available","2024-2025",""
"6097","0018-000304","0018","Table with sitting bench of 3","Furnature","Store","1","Storage","Available","2024-2025",""
"6098","0018-000305","0018","Table with sitting bench of 3","Furnature","Store","1","Storage","Available","2024-2025",""
"6114","0018-000321","0018","Table with sitting bench of 3","Furnature","Store","1","Storage","Available","2025-2026",""
"6115","0018-000322","0018","Table with sitting bench of 3","Furnature","Store","1","Storage","Available","2025-2026",""
"6116","0018-000323","0018","Table with sitting bench of 3","Furnature","Store","1","Storage","Available","2025-2026",""
"6117","0018-000324","0018","Table with sitting bench of 3","Furnature","Store","1","Storage","Available","2025-2026",""
"6118","0018-000325","0018","Table with sitting bench of 3","Furnature","Store","1","Storage","Available","2025-2026",""
"6134","0018-000341","0018","Table with sitting bench of 3","Furnature","Store","1","Storage","Available","2026-2027",""
"6135","0018-000342","0018","Table with sitting bench of 3","Furnature","Store","1","Storage","Available","2026-2027",""
"6136","0018-000343","0018","Table with sitting bench of 3","Furnature","Store","1","Storage","Available","2026-2027",""
"6137","0018-000344","0018","Table with sitting bench of 3","Furnature","Store","1","Storage","Available","2026-2027",""
"6138","0018-000345","0018","Table with sitting bench of 3","Furnature","Store","1","Storage","Available","2026-2027",""